artifact,role,source_url,archive_member,pinned_revision,expected_bytes,expected_sha256,included_payload,license_status,checksum_origin,acquisition_method
adult.csv,benchmark_dataset,https://raw.githubusercontent.com/arx-deidentifier/arx/4e0a5f5340fe9a58c44b34c2f9acd2d68f1dad5f/data/adult.csv,,4e0a5f5340fe9a58c44b34c2f9acd2d68f1dad5f,2516935,c700df9304fbf3c4d4db5938bffc510561bd4a2dfad285a3feef9a20619391c5,False,exact_file_license_not_independently_verified,research_record_crosschecked_with_acquisition_code,download_exact_url
adult_hierarchy_age.csv,qi_hierarchy_age,https://raw.githubusercontent.com/arx-deidentifier/arx/4e0a5f5340fe9a58c44b34c2f9acd2d68f1dad5f/data/adult_hierarchy_age.csv,,4e0a5f5340fe9a58c44b34c2f9acd2d68f1dad5f,2232,463f35372e8b1ad31fc624eb73c5da9297878a044ae5d61038eaf7b431ac55ca,False,exact_file_license_not_independently_verified,research_record_crosschecked_with_acquisition_code,download_exact_url
adult_hierarchy_education.csv,qi_hierarchy_education,https://raw.githubusercontent.com/arx-deidentifier/arx/4e0a5f5340fe9a58c44b34c2f9acd2d68f1dad5f/data/adult_hierarchy_education.csv,,4e0a5f5340fe9a58c44b34c2f9acd2d68f1dad5f,692,f22e5ee519c28b05538d4e5ddea0fbee5f0017fefb3abab3fa02272325bf9ce5,False,exact_file_license_not_independently_verified,research_record_crosschecked_with_acquisition_code,download_exact_url
adult_hierarchy_marital-status.csv,qi_hierarchy_marital_status,https://raw.githubusercontent.com/arx-deidentifier/arx/4e0a5f5340fe9a58c44b34c2f9acd2d68f1dad5f/data/adult_hierarchy_marital-status.csv,,4e0a5f5340fe9a58c44b34c2f9acd2d68f1dad5f,239,3e7ba2c4a5cd4fec059b4e3a2c57fce6e7c34a20daee1e624990ddd7beba85e5,False,exact_file_license_not_independently_verified,research_record_crosschecked_with_acquisition_code,download_exact_url
adult_hierarchy_native-country.csv,qi_hierarchy_native_country,https://raw.githubusercontent.com/arx-deidentifier/arx/4e0a5f5340fe9a58c44b34c2f9acd2d68f1dad5f/data/adult_hierarchy_native-country.csv,,4e0a5f5340fe9a58c44b34c2f9acd2d68f1dad5f,840,696d3b53973311c096b33f98bb56e526016910b1a1cd5a1e904cb799d1077023,False,exact_file_license_not_independently_verified,research_record_crosschecked_with_acquisition_code,download_exact_url
adult_hierarchy_occupation.csv,qi_hierarchy_occupation,https://raw.githubusercontent.com/arx-deidentifier/arx/4e0a5f5340fe9a58c44b34c2f9acd2d68f1dad5f/data/adult_hierarchy_occupation.csv,,4e0a5f5340fe9a58c44b34c2f9acd2d68f1dad5f,353,16dc420d5d7f8ab4d1e6144eb1d19ab8314ef42523fe8c4ee202372db1c98126,False,exact_file_license_not_independently_verified,research_record_crosschecked_with_acquisition_code,download_exact_url
adult_hierarchy_race.csv,qi_hierarchy_race,https://raw.githubusercontent.com/arx-deidentifier/arx/4e0a5f5340fe9a58c44b34c2f9acd2d68f1dad5f/data/adult_hierarchy_race.csv,,4e0a5f5340fe9a58c44b34c2f9acd2d68f1dad5f,66,df11abf41fa0669455adc9c9f9fa88663afa0cee8327684ecca861cd32dc4209,False,exact_file_license_not_independently_verified,research_record_crosschecked_with_acquisition_code,download_exact_url
adult_hierarchy_sex.csv,qi_hierarchy_sex,https://raw.githubusercontent.com/arx-deidentifier/arx/4e0a5f5340fe9a58c44b34c2f9acd2d68f1dad5f/data/adult_hierarchy_sex.csv,,4e0a5f5340fe9a58c44b34c2f9acd2d68f1dad5f,16,537d23f7b6969b916b5a5490eb1b32c273fefdc62ca050a7a813e23bbf3b78b2,False,exact_file_license_not_independently_verified,research_record_crosschecked_with_acquisition_code,download_exact_url
adult_hierarchy_workclass.csv,qi_hierarchy_workclass,https://raw.githubusercontent.com/arx-deidentifier/arx/4e0a5f5340fe9a58c44b34c2f9acd2d68f1dad5f/data/adult_hierarchy_workclass.csv,,4e0a5f5340fe9a58c44b34c2f9acd2d68f1dad5f,211,106f420349bf0071dbb25371795a78799edf24a64c3424619d563c3990ee8d02,False,exact_file_license_not_independently_verified,research_record_crosschecked_with_acquisition_code,download_exact_url
adult.zip,official_source_archive,https://archive.ics.uci.edu/static/public/2/adult.zip,,sha256:7537312dd56c2b98035880805ce99e68183a30ee468aa5329d6df0fbb3cc21bb,620237,7537312dd56c2b98035880805ce99e68183a30ee468aa5329d6df0fbb3cc21bb,False,UCI_Adult_CC_BY_4_0,research_record_crosschecked_with_acquisition_code,download_exact_url
adult.data,original_training_source,https://archive.ics.uci.edu/static/public/2/adult.zip,adult.data,sha256:7537312dd56c2b98035880805ce99e68183a30ee468aa5329d6df0fbb3cc21bb,3974305,5b00264637dbfec36bdeaab5676b0b309ff9eb788d63554ca0a249491c86603d,False,UCI_Adult_CC_BY_4_0,research_record_crosschecked_with_acquisition_code,extract_named_member_from_verified_archive
adult.test,original_holdout_source,https://archive.ics.uci.edu/static/public/2/adult.zip,adult.test,sha256:7537312dd56c2b98035880805ce99e68183a30ee468aa5329d6df0fbb3cc21bb,2003153,a2a9044bc167a35b2361efbabec64e89d69ce82d9790d2980119aac5fd7e9c05,False,UCI_Adult_CC_BY_4_0,research_record_crosschecked_with_acquisition_code,extract_named_member_from_verified_archive
adult.names,data_dictionary,https://archive.ics.uci.edu/static/public/2/adult.zip,adult.names,sha256:7537312dd56c2b98035880805ce99e68183a30ee468aa5329d6df0fbb3cc21bb,5229,c248284c0b5de30c9e1958d6cdd168a34a654758b620e68f46aefa83fc0a576a,False,UCI_Adult_CC_BY_4_0,research_record_crosschecked_with_acquisition_code,extract_named_member_from_verified_archive
