config_id,kind,frequency,size
CFG00,QI,14021,1
CFG00,QI,2026,2
CFG00,QI,796,3
CFG00,QI,379,4
CFG00,QI,209,5
CFG00,QI,153,6
CFG00,QI,114,7
CFG00,QI,67,8
CFG00,QI,55,9
CFG00,QI,54,10
CFG00,QI,47,11
CFG00,QI,32,12
CFG00,QI,28,13
CFG00,QI,13,14
CFG00,QI,16,15
CFG00,QI,16,16
CFG00,QI,10,17
CFG00,QI,9,18
CFG00,QI,12,19
CFG00,QI,9,20
CFG00,QI,4,21
CFG00,QI,4,22
CFG00,QI,5,23
CFG00,QI,2,24
CFG00,QI,3,25
CFG00,QI,4,26
CFG00,QI,7,27
CFG00,QI,2,29
CFG00,QI,3,30
CFG00,QI,2,32
CFG00,QI,3,34
CFG00,QI,1,35
CFG00,QI,1,36
CFG00,QI,1,37
CFG00,QI,1,45
CFG00,full,15512,1
CFG00,full,2098,2
CFG00,full,754,3
CFG00,full,375,4
CFG00,full,189,5
CFG00,full,155,6
CFG00,full,97,7
CFG00,full,73,8
CFG00,full,39,9
CFG00,full,37,10
CFG00,full,29,11
CFG00,full,18,12
CFG00,full,23,13
CFG00,full,14,14
CFG00,full,15,15
CFG00,full,9,16
CFG00,full,11,17
CFG00,full,10,18
CFG00,full,10,19
CFG00,full,5,20
CFG00,full,3,21
CFG00,full,4,22
CFG00,full,3,23
CFG00,full,2,24
CFG00,full,1,25
CFG00,full,3,26
CFG00,full,5,27
CFG00,full,1,29
CFG00,full,2,30
CFG00,full,1,32
CFG00,full,1,34
CFG00,full,1,35
CFG00,full,1,36
CFG00,full,1,45
CFG01,QI,1,3
CFG01,QI,2,4
CFG01,QI,1,5
CFG01,QI,1,7
CFG01,QI,1,10
CFG01,QI,2,13
CFG01,QI,1,14
CFG01,QI,1,15
CFG01,QI,1,18
CFG01,QI,1,21
CFG01,QI,1,22
CFG01,QI,2,23
CFG01,QI,2,24
CFG01,QI,1,27
CFG01,QI,2,28
CFG01,QI,1,30
CFG01,QI,1,32
CFG01,QI,2,35
CFG01,QI,1,36
CFG01,QI,2,37
CFG01,QI,1,38
CFG01,QI,1,41
CFG01,QI,1,56
CFG01,QI,1,59
CFG01,QI,1,65
CFG01,QI,1,70
CFG01,QI,1,78
CFG01,QI,1,93
CFG01,QI,1,97
CFG01,QI,1,104
CFG01,QI,1,110
CFG01,QI,1,156
CFG01,QI,1,172
CFG01,QI,1,205
CFG01,QI,1,228
CFG01,QI,1,234
CFG01,QI,1,244
CFG01,QI,1,268
CFG01,QI,1,297
CFG01,QI,2,351
CFG01,QI,1,404
CFG01,QI,1,496
CFG01,QI,1,695
CFG01,QI,1,1711
CFG01,QI,1,1789
CFG01,QI,1,1976
CFG01,QI,1,2155
CFG01,QI,1,2482
CFG01,QI,1,2622
CFG01,QI,1,3144
CFG01,QI,1,3796
CFG01,QI,1,5007
CFG01,full,10,1
CFG01,full,4,2
CFG01,full,6,3
CFG01,full,3,4
CFG01,full,1,5
CFG01,full,3,6
CFG01,full,2,7
CFG01,full,2,8
CFG01,full,2,9
CFG01,full,1,10
CFG01,full,1,11
CFG01,full,5,12
CFG01,full,1,13
CFG01,full,1,14
CFG01,full,3,15
CFG01,full,2,16
CFG01,full,2,17
CFG01,full,2,18
CFG01,full,1,19
CFG01,full,2,20
CFG01,full,1,21
CFG01,full,1,22
CFG01,full,1,24
CFG01,full,1,27
CFG01,full,1,28
CFG01,full,1,29
CFG01,full,2,30
CFG01,full,1,31
CFG01,full,1,32
CFG01,full,2,34
CFG01,full,1,36
CFG01,full,1,45
CFG01,full,1,52
CFG01,full,1,53
CFG01,full,1,57
CFG01,full,1,59
CFG01,full,2,60
CFG01,full,2,66
CFG01,full,1,67
CFG01,full,1,76
CFG01,full,2,78
CFG01,full,1,80
CFG01,full,1,88
CFG01,full,1,94
CFG01,full,1,95
CFG01,full,1,106
CFG01,full,1,133
CFG01,full,1,142
CFG01,full,1,148
CFG01,full,1,150
CFG01,full,1,166
CFG01,full,1,178
CFG01,full,1,181
CFG01,full,1,185
CFG01,full,1,189
CFG01,full,1,220
CFG01,full,1,253
CFG01,full,1,256
CFG01,full,1,263
CFG01,full,1,271
CFG01,full,1,281
CFG01,full,1,315
CFG01,full,1,341
CFG01,full,1,688
CFG01,full,1,789
CFG01,full,1,1561
CFG01,full,1,1604
CFG01,full,1,1647
CFG01,full,1,1713
CFG01,full,1,1833
CFG01,full,1,2067
CFG01,full,1,2192
CFG01,full,1,2211
CFG01,full,1,2265
CFG01,full,1,2742
CFG01,full,1,3087
CFG02,QI,1,16
CFG02,QI,1,25
CFG02,QI,1,28
CFG02,QI,1,31
CFG02,QI,1,37
CFG02,QI,1,40
CFG02,QI,1,41
CFG02,QI,1,45
CFG02,QI,1,52
CFG02,QI,1,63
CFG02,QI,1,64
CFG02,QI,1,70
CFG02,QI,1,75
CFG02,QI,1,86
CFG02,QI,1,138
CFG02,QI,1,167
CFG02,QI,1,169
CFG02,QI,1,265
CFG02,QI,1,292
CFG02,QI,1,334
CFG02,QI,1,361
CFG02,QI,1,462
CFG02,QI,1,595
CFG02,QI,1,773
CFG02,QI,1,2115
CFG02,QI,1,2140
CFG02,QI,1,3640
CFG02,QI,1,4777
CFG02,QI,1,5772
CFG02,QI,1,7489
CFG02,full,2,1
CFG02,full,2,2
CFG02,full,3,3
CFG02,full,2,4
CFG02,full,1,7
CFG02,full,1,9
CFG02,full,1,12
CFG02,full,2,13
CFG02,full,1,14
CFG02,full,1,19
CFG02,full,1,21
CFG02,full,2,25
CFG02,full,1,27
CFG02,full,1,30
CFG02,full,2,33
CFG02,full,1,34
CFG02,full,1,38
CFG02,full,1,39
CFG02,full,1,42
CFG02,full,1,50
CFG02,full,1,52
CFG02,full,1,56
CFG02,full,1,61
CFG02,full,1,62
CFG02,full,1,64
CFG02,full,1,67
CFG02,full,1,76
CFG02,full,1,96
CFG02,full,1,105
CFG02,full,2,109
CFG02,full,1,125
CFG02,full,1,133
CFG02,full,1,156
CFG02,full,1,238
CFG02,full,2,265
CFG02,full,1,301
CFG02,full,1,327
CFG02,full,1,353
CFG02,full,1,406
CFG02,full,1,519
CFG02,full,1,748
CFG02,full,1,877
CFG02,full,1,1709
CFG02,full,1,1813
CFG02,full,1,2455
CFG02,full,1,2536
CFG02,full,1,3317
CFG02,full,1,3402
CFG02,full,1,3900
CFG02,full,1,4953
CFG03,QI,1,16
CFG03,QI,1,25
CFG03,QI,1,28
CFG03,QI,1,31
CFG03,QI,1,37
CFG03,QI,1,40
CFG03,QI,1,41
CFG03,QI,1,45
CFG03,QI,1,52
CFG03,QI,1,63
CFG03,QI,1,64
CFG03,QI,1,70
CFG03,QI,1,75
CFG03,QI,1,86
CFG03,QI,1,138
CFG03,QI,1,167
CFG03,QI,1,169
CFG03,QI,1,265
CFG03,QI,1,292
CFG03,QI,1,334
CFG03,QI,1,361
CFG03,QI,1,462
CFG03,QI,1,595
CFG03,QI,1,773
CFG03,QI,1,2115
CFG03,QI,1,2140
CFG03,QI,1,3640
CFG03,QI,1,4777
CFG03,QI,1,5772
CFG03,QI,1,7489
CFG03,full,2,1
CFG03,full,2,2
CFG03,full,3,3
CFG03,full,2,4
CFG03,full,1,7
CFG03,full,1,9
CFG03,full,1,12
CFG03,full,2,13
CFG03,full,1,14
CFG03,full,1,19
CFG03,full,1,21
CFG03,full,2,25
CFG03,full,1,27
CFG03,full,1,30
CFG03,full,2,33
CFG03,full,1,34
CFG03,full,1,38
CFG03,full,1,39
CFG03,full,1,42
CFG03,full,1,50
CFG03,full,1,52
CFG03,full,1,56
CFG03,full,1,61
CFG03,full,1,62
CFG03,full,1,64
CFG03,full,1,67
CFG03,full,1,76
CFG03,full,1,96
CFG03,full,1,105
CFG03,full,2,109
CFG03,full,1,125
CFG03,full,1,133
CFG03,full,1,156
CFG03,full,1,238
CFG03,full,2,265
CFG03,full,1,301
CFG03,full,1,327
CFG03,full,1,353
CFG03,full,1,406
CFG03,full,1,519
CFG03,full,1,748
CFG03,full,1,877
CFG03,full,1,1709
CFG03,full,1,1813
CFG03,full,1,2455
CFG03,full,1,2536
CFG03,full,1,3317
CFG03,full,1,3402
CFG03,full,1,3900
CFG03,full,1,4953
CFG04,QI,1,21
CFG04,QI,1,105
CFG04,QI,1,125
CFG04,QI,1,148
CFG04,QI,1,178
CFG04,QI,1,210
CFG04,QI,1,337
CFG04,QI,1,465
CFG04,QI,1,570
CFG04,QI,1,598
CFG04,QI,1,609
CFG04,QI,1,759
CFG04,QI,1,1075
CFG04,QI,1,1311
CFG04,QI,1,2978
CFG04,QI,1,3459
CFG04,QI,1,3502
CFG04,QI,1,3714
CFG04,QI,1,4715
CFG04,QI,1,5283
CFG04,full,1,1
CFG04,full,1,2
CFG04,full,1,15
CFG04,full,1,19
CFG04,full,1,20
CFG04,full,1,52
CFG04,full,1,57
CFG04,full,1,74
CFG04,full,2,104
CFG04,full,2,105
CFG04,full,1,116
CFG04,full,1,128
CFG04,full,1,136
CFG04,full,1,147
CFG04,full,1,174
CFG04,full,1,181
CFG04,full,1,195
CFG04,full,1,209
CFG04,full,1,226
CFG04,full,1,249
CFG04,full,1,321
CFG04,full,1,324
CFG04,full,1,349
CFG04,full,1,424
CFG04,full,1,505
CFG04,full,1,565
CFG04,full,1,707
CFG04,full,1,746
CFG04,full,1,849
CFG04,full,1,1457
CFG04,full,1,2079
CFG04,full,1,2636
CFG04,full,1,2654
CFG04,full,1,3278
CFG04,full,1,3445
CFG04,full,1,3578
CFG04,full,1,3826
CFG05,QI,1,16
CFG05,QI,1,25
CFG05,QI,1,28
CFG05,QI,1,31
CFG05,QI,1,37
CFG05,QI,1,40
CFG05,QI,1,41
CFG05,QI,1,45
CFG05,QI,1,52
CFG05,QI,1,63
CFG05,QI,1,64
CFG05,QI,1,70
CFG05,QI,1,75
CFG05,QI,1,86
CFG05,QI,1,138
CFG05,QI,1,167
CFG05,QI,1,169
CFG05,QI,1,265
CFG05,QI,1,292
CFG05,QI,1,334
CFG05,QI,1,361
CFG05,QI,1,462
CFG05,QI,1,595
CFG05,QI,1,773
CFG05,QI,1,2115
CFG05,QI,1,2140
CFG05,QI,1,3640
CFG05,QI,1,4777
CFG05,QI,1,5772
CFG05,QI,1,7489
CFG05,full,2,1
CFG05,full,2,2
CFG05,full,3,3
CFG05,full,2,4
CFG05,full,1,7
CFG05,full,1,9
CFG05,full,1,12
CFG05,full,2,13
CFG05,full,1,14
CFG05,full,1,19
CFG05,full,1,21
CFG05,full,2,25
CFG05,full,1,27
CFG05,full,1,30
CFG05,full,2,33
CFG05,full,1,34
CFG05,full,1,38
CFG05,full,1,39
CFG05,full,1,42
CFG05,full,1,50
CFG05,full,1,52
CFG05,full,1,56
CFG05,full,1,61
CFG05,full,1,62
CFG05,full,1,64
CFG05,full,1,67
CFG05,full,1,76
CFG05,full,1,96
CFG05,full,1,105
CFG05,full,2,109
CFG05,full,1,125
CFG05,full,1,133
CFG05,full,1,156
CFG05,full,1,238
CFG05,full,2,265
CFG05,full,1,301
CFG05,full,1,327
CFG05,full,1,353
CFG05,full,1,406
CFG05,full,1,519
CFG05,full,1,748
CFG05,full,1,877
CFG05,full,1,1709
CFG05,full,1,1813
CFG05,full,1,2455
CFG05,full,1,2536
CFG05,full,1,3317
CFG05,full,1,3402
CFG05,full,1,3900
CFG05,full,1,4953
CFG06,QI,1,16
CFG06,QI,1,25
CFG06,QI,1,28
CFG06,QI,1,31
CFG06,QI,1,37
CFG06,QI,1,40
CFG06,QI,1,41
CFG06,QI,1,45
CFG06,QI,1,52
CFG06,QI,1,63
CFG06,QI,1,64
CFG06,QI,1,70
CFG06,QI,1,75
CFG06,QI,1,86
CFG06,QI,1,138
CFG06,QI,1,167
CFG06,QI,1,169
CFG06,QI,1,265
CFG06,QI,1,292
CFG06,QI,1,334
CFG06,QI,1,361
CFG06,QI,1,462
CFG06,QI,1,595
CFG06,QI,1,773
CFG06,QI,1,2115
CFG06,QI,1,2140
CFG06,QI,1,3640
CFG06,QI,1,4777
CFG06,QI,1,5772
CFG06,QI,1,7489
CFG06,full,2,1
CFG06,full,2,2
CFG06,full,3,3
CFG06,full,2,4
CFG06,full,1,7
CFG06,full,1,9
CFG06,full,1,12
CFG06,full,2,13
CFG06,full,1,14
CFG06,full,1,19
CFG06,full,1,21
CFG06,full,2,25
CFG06,full,1,27
CFG06,full,1,30
CFG06,full,2,33
CFG06,full,1,34
CFG06,full,1,38
CFG06,full,1,39
CFG06,full,1,42
CFG06,full,1,50
CFG06,full,1,52
CFG06,full,1,56
CFG06,full,1,61
CFG06,full,1,62
CFG06,full,1,64
CFG06,full,1,67
CFG06,full,1,76
CFG06,full,1,96
CFG06,full,1,105
CFG06,full,2,109
CFG06,full,1,125
CFG06,full,1,133
CFG06,full,1,156
CFG06,full,1,238
CFG06,full,2,265
CFG06,full,1,301
CFG06,full,1,327
CFG06,full,1,353
CFG06,full,1,406
CFG06,full,1,519
CFG06,full,1,748
CFG06,full,1,877
CFG06,full,1,1709
CFG06,full,1,1813
CFG06,full,1,2455
CFG06,full,1,2536
CFG06,full,1,3317
CFG06,full,1,3402
CFG06,full,1,3900
CFG06,full,1,4953
CFG07,QI,1,2555
CFG07,QI,1,2591
CFG07,QI,1,4636
CFG07,QI,1,5654
CFG07,QI,1,6371
CFG07,QI,1,8355
CFG07,full,1,280
CFG07,full,1,369
CFG07,full,1,463
CFG07,full,1,996
CFG07,full,1,2128
CFG07,full,1,2186
CFG07,full,1,2621
CFG07,full,1,2779
CFG07,full,1,3750
CFG07,full,1,4356
CFG07,full,1,4658
CFG07,full,1,5576
CFG08,QI,1,30162
CFG08,full,1,7508
CFG08,full,1,22654
CFG09,QI,1,2555
CFG09,QI,1,2591
CFG09,QI,1,4636
CFG09,QI,1,5654
CFG09,QI,1,6371
CFG09,QI,1,8355
CFG09,full,1,280
CFG09,full,1,369
CFG09,full,1,463
CFG09,full,1,996
CFG09,full,1,2128
CFG09,full,1,2186
CFG09,full,1,2621
CFG09,full,1,2779
CFG09,full,1,3750
CFG09,full,1,4356
CFG09,full,1,4658
CFG09,full,1,5576
CFG10,QI,1,30162
CFG10,full,1,7508
CFG10,full,1,22654
CFG11,QI,40,5
CFG11,QI,40,6
CFG11,QI,20,7
CFG11,QI,19,8
CFG11,QI,15,9
CFG11,QI,8,10
CFG11,QI,14,11
CFG11,QI,10,12
CFG11,QI,7,13
CFG11,QI,5,14
CFG11,QI,5,15
CFG11,QI,10,16
CFG11,QI,6,17
CFG11,QI,7,18
CFG11,QI,5,19
CFG11,QI,5,20
CFG11,QI,5,21
CFG11,QI,3,22
CFG11,QI,3,23
CFG11,QI,6,24
CFG11,QI,2,25
CFG11,QI,3,27
CFG11,QI,3,28
CFG11,QI,4,29
CFG11,QI,1,30
CFG11,QI,4,31
CFG11,QI,4,32
CFG11,QI,2,33
CFG11,QI,5,34
CFG11,QI,4,35
CFG11,QI,2,36
CFG11,QI,2,38
CFG11,QI,2,39
CFG11,QI,2,40
CFG11,QI,2,41
CFG11,QI,1,44
CFG11,QI,2,46
CFG11,QI,2,49
CFG11,QI,1,50
CFG11,QI,3,51
CFG11,QI,1,52
CFG11,QI,2,53
CFG11,QI,1,54
CFG11,QI,1,56
CFG11,QI,1,57
CFG11,QI,1,58
CFG11,QI,2,59
CFG11,QI,5,60
CFG11,QI,2,61
CFG11,QI,2,64
CFG11,QI,2,65
CFG11,QI,1,68
CFG11,QI,1,70
CFG11,QI,1,74
CFG11,QI,1,78
CFG11,QI,1,80
CFG11,QI,3,82
CFG11,QI,1,85
CFG11,QI,1,86
CFG11,QI,1,92
CFG11,QI,1,100
CFG11,QI,2,103
CFG11,QI,1,105
CFG11,QI,1,108
CFG11,QI,1,113
CFG11,QI,1,114
CFG11,QI,3,115
CFG11,QI,1,117
CFG11,QI,1,118
CFG11,QI,1,123
CFG11,QI,1,125
CFG11,QI,1,126
CFG11,QI,1,127
CFG11,QI,1,128
CFG11,QI,1,134
CFG11,QI,1,136
CFG11,QI,1,140
CFG11,QI,1,144
CFG11,QI,2,152
CFG11,QI,1,154
CFG11,QI,1,156
CFG11,QI,1,160
CFG11,QI,1,165
CFG11,QI,1,171
CFG11,QI,1,173
CFG11,QI,1,182
CFG11,QI,2,186
CFG11,QI,1,188
CFG11,QI,2,192
CFG11,QI,1,211
CFG11,QI,1,218
CFG11,QI,1,239
CFG11,QI,1,242
CFG11,QI,2,244
CFG11,QI,1,245
CFG11,QI,1,246
CFG11,QI,1,257
CFG11,QI,1,273
CFG11,QI,1,277
CFG11,QI,1,325
CFG11,QI,1,337
CFG11,QI,1,364
CFG11,QI,1,409
CFG11,QI,1,451
CFG11,QI,1,458
CFG11,QI,1,472
CFG11,QI,1,506
CFG11,QI,1,514
CFG11,QI,1,526
CFG11,QI,1,551
CFG11,QI,1,570
CFG11,QI,1,619
CFG11,QI,1,692
CFG11,QI,1,711
CFG11,QI,1,715
CFG11,QI,1,751
CFG11,QI,1,814
CFG11,QI,1,971
CFG11,QI,1,1021
CFG11,QI,1,1034
CFG11,QI,1,1050
CFG11,QI,1,1141
CFG11,full,56,1
CFG11,full,41,2
CFG11,full,40,3
CFG11,full,40,4
CFG11,full,41,5
CFG11,full,40,6
CFG11,full,34,7
CFG11,full,16,8
CFG11,full,17,9
CFG11,full,18,10
CFG11,full,23,11
CFG11,full,19,12
CFG11,full,13,13
CFG11,full,12,14
CFG11,full,11,15
CFG11,full,5,16
CFG11,full,12,17
CFG11,full,2,18
CFG11,full,8,19
CFG11,full,6,20
CFG11,full,5,21
CFG11,full,2,22
CFG11,full,3,23
CFG11,full,8,24
CFG11,full,6,26
CFG11,full,1,27
CFG11,full,4,28
CFG11,full,2,29
CFG11,full,1,30
CFG11,full,3,31
CFG11,full,5,33
CFG11,full,5,34
CFG11,full,4,35
CFG11,full,1,36
CFG11,full,3,37
CFG11,full,7,38
CFG11,full,1,39
CFG11,full,3,40
CFG11,full,1,41
CFG11,full,2,43
CFG11,full,4,45
CFG11,full,1,46
CFG11,full,2,47
CFG11,full,1,48
CFG11,full,2,49
CFG11,full,1,50
CFG11,full,2,51
CFG11,full,1,52
CFG11,full,1,53
CFG11,full,1,54
CFG11,full,1,56
CFG11,full,2,57
CFG11,full,1,58
CFG11,full,2,59
CFG11,full,1,60
CFG11,full,2,61
CFG11,full,1,64
CFG11,full,1,65
CFG11,full,1,67
CFG11,full,1,68
CFG11,full,2,70
CFG11,full,1,74
CFG11,full,2,75
CFG11,full,1,76
CFG11,full,2,77
CFG11,full,1,78
CFG11,full,1,79
CFG11,full,2,80
CFG11,full,1,81
CFG11,full,2,82
CFG11,full,2,84
CFG11,full,1,85
CFG11,full,1,88
CFG11,full,1,89
CFG11,full,1,91
CFG11,full,1,95
CFG11,full,1,99
CFG11,full,2,101
CFG11,full,4,103
CFG11,full,1,105
CFG11,full,1,107
CFG11,full,1,110
CFG11,full,1,113
CFG11,full,2,114
CFG11,full,1,115
CFG11,full,1,124
CFG11,full,1,125
CFG11,full,2,127
CFG11,full,1,134
CFG11,full,1,135
CFG11,full,1,136
CFG11,full,1,140
CFG11,full,2,141
CFG11,full,1,151
CFG11,full,1,152
CFG11,full,1,159
CFG11,full,1,160
CFG11,full,1,169
CFG11,full,1,176
CFG11,full,1,182
CFG11,full,1,186
CFG11,full,1,188
CFG11,full,1,189
CFG11,full,1,191
CFG11,full,1,199
CFG11,full,1,203
CFG11,full,1,207
CFG11,full,1,208
CFG11,full,1,212
CFG11,full,1,218
CFG11,full,1,225
CFG11,full,1,232
CFG11,full,1,244
CFG11,full,1,245
CFG11,full,1,250
CFG11,full,1,269
CFG11,full,2,293
CFG11,full,2,331
CFG11,full,1,355
CFG11,full,1,358
CFG11,full,1,375
CFG11,full,1,398
CFG11,full,1,429
CFG11,full,1,434
CFG11,full,1,476
CFG11,full,1,503
CFG11,full,1,518
CFG11,full,1,521
CFG11,full,1,532
CFG11,full,1,556
CFG11,full,1,596
CFG11,full,1,603
CFG11,full,1,615
CFG11,full,1,627
CFG11,full,1,695
CFG11,full,1,703
CFG11,full,1,741
CFG11,full,1,809
CFG11,full,1,848
CFG12,QI,7,10
CFG12,QI,6,11
CFG12,QI,12,12
CFG12,QI,11,13
CFG12,QI,4,15
CFG12,QI,6,16
CFG12,QI,6,17
CFG12,QI,4,18
CFG12,QI,3,19
CFG12,QI,5,20
CFG12,QI,4,21
CFG12,QI,4,22
CFG12,QI,3,23
CFG12,QI,3,24
CFG12,QI,2,25
CFG12,QI,2,26
CFG12,QI,2,27
CFG12,QI,4,28
CFG12,QI,1,29
CFG12,QI,2,30
CFG12,QI,4,31
CFG12,QI,4,32
CFG12,QI,3,33
CFG12,QI,2,34
CFG12,QI,1,35
CFG12,QI,2,36
CFG12,QI,2,37
CFG12,QI,1,38
CFG12,QI,1,39
CFG12,QI,2,40
CFG12,QI,2,41
CFG12,QI,2,42
CFG12,QI,2,43
CFG12,QI,1,44
CFG12,QI,1,45
CFG12,QI,1,47
CFG12,QI,1,48
CFG12,QI,1,50
CFG12,QI,1,52
CFG12,QI,2,55
CFG12,QI,1,56
CFG12,QI,1,57
CFG12,QI,1,60
CFG12,QI,1,61
CFG12,QI,1,64
CFG12,QI,2,66
CFG12,QI,1,70
CFG12,QI,1,71
CFG12,QI,1,73
CFG12,QI,1,76
CFG12,QI,1,77
CFG12,QI,1,80
CFG12,QI,1,83
CFG12,QI,1,85
CFG12,QI,1,88
CFG12,QI,2,89
CFG12,QI,1,91
CFG12,QI,1,93
CFG12,QI,2,98
CFG12,QI,2,100
CFG12,QI,2,105
CFG12,QI,1,106
CFG12,QI,1,107
CFG12,QI,1,109
CFG12,QI,1,126
CFG12,QI,1,137
CFG12,QI,1,140
CFG12,QI,1,145
CFG12,QI,1,162
CFG12,QI,1,163
CFG12,QI,1,167
CFG12,QI,1,184
CFG12,QI,1,186
CFG12,QI,1,187
CFG12,QI,1,209
CFG12,QI,1,215
CFG12,QI,1,218
CFG12,QI,1,221
CFG12,QI,2,233
CFG12,QI,1,242
CFG12,QI,1,247
CFG12,QI,1,248
CFG12,QI,1,253
CFG12,QI,1,254
CFG12,QI,1,264
CFG12,QI,1,314
CFG12,QI,1,320
CFG12,QI,1,328
CFG12,QI,1,342
CFG12,QI,1,382
CFG12,QI,1,391
CFG12,QI,1,428
CFG12,QI,1,442
CFG12,QI,1,455
CFG12,QI,1,479
CFG12,QI,1,488
CFG12,QI,1,500
CFG12,QI,1,578
CFG12,QI,1,680
CFG12,QI,1,1084
CFG12,QI,1,1386
CFG12,QI,1,1436
CFG12,QI,1,1654
CFG12,QI,1,1670
CFG12,QI,1,1694
CFG12,QI,1,1778
CFG12,QI,1,2007
CFG12,full,16,1
CFG12,full,16,2
CFG12,full,16,3
CFG12,full,16,4
CFG12,full,11,5
CFG12,full,12,6
CFG12,full,6,7
CFG12,full,9,8
CFG12,full,7,9
CFG12,full,10,10
CFG12,full,15,11
CFG12,full,10,12
CFG12,full,4,13
CFG12,full,8,14
CFG12,full,5,15
CFG12,full,12,16
CFG12,full,5,17
CFG12,full,6,18
CFG12,full,3,19
CFG12,full,7,20
CFG12,full,10,21
CFG12,full,2,22
CFG12,full,3,23
CFG12,full,6,24
CFG12,full,2,25
CFG12,full,5,26
CFG12,full,1,27
CFG12,full,4,28
CFG12,full,2,29
CFG12,full,2,30
CFG12,full,3,31
CFG12,full,1,32
CFG12,full,5,33
CFG12,full,2,34
CFG12,full,6,35
CFG12,full,1,36
CFG12,full,2,37
CFG12,full,2,38
CFG12,full,1,39
CFG12,full,1,40
CFG12,full,4,41
CFG12,full,3,42
CFG12,full,1,43
CFG12,full,1,44
CFG12,full,1,45
CFG12,full,4,46
CFG12,full,1,47
CFG12,full,1,48
CFG12,full,1,50
CFG12,full,2,52
CFG12,full,2,53
CFG12,full,1,54
CFG12,full,2,55
CFG12,full,1,57
CFG12,full,1,60
CFG12,full,1,61
CFG12,full,2,65
CFG12,full,2,66
CFG12,full,1,67
CFG12,full,1,69
CFG12,full,1,70
CFG12,full,1,73
CFG12,full,1,76
CFG12,full,3,78
CFG12,full,1,79
CFG12,full,1,80
CFG12,full,1,83
CFG12,full,1,85
CFG12,full,1,86
CFG12,full,1,88
CFG12,full,1,89
CFG12,full,1,93
CFG12,full,1,96
CFG12,full,1,98
CFG12,full,1,101
CFG12,full,1,105
CFG12,full,1,111
CFG12,full,1,112
CFG12,full,1,114
CFG12,full,2,116
CFG12,full,1,120
CFG12,full,1,125
CFG12,full,1,126
CFG12,full,1,127
CFG12,full,1,128
CFG12,full,2,134
CFG12,full,1,145
CFG12,full,1,148
CFG12,full,1,151
CFG12,full,1,154
CFG12,full,2,161
CFG12,full,1,181
CFG12,full,1,182
CFG12,full,1,203
CFG12,full,1,214
CFG12,full,1,217
CFG12,full,1,233
CFG12,full,1,236
CFG12,full,1,241
CFG12,full,1,243
CFG12,full,1,245
CFG12,full,1,264
CFG12,full,1,284
CFG12,full,1,296
CFG12,full,1,304
CFG12,full,1,314
CFG12,full,1,316
CFG12,full,1,321
CFG12,full,1,326
CFG12,full,1,433
CFG12,full,1,438
CFG12,full,1,442
CFG12,full,1,454
CFG12,full,1,577
CFG12,full,1,599
CFG12,full,1,652
CFG12,full,1,654
CFG12,full,1,834
CFG12,full,1,836
CFG12,full,1,1055
CFG12,full,1,1073
CFG12,full,1,1126
CFG12,full,2,1320
CFG12,full,1,1569
CFG12,full,1,1649
CFG13,QI,13,5
CFG13,QI,8,6
CFG13,QI,8,7
CFG13,QI,6,8
CFG13,QI,7,9
CFG13,QI,4,10
CFG13,QI,10,11
CFG13,QI,2,12
CFG13,QI,2,13
CFG13,QI,3,14
CFG13,QI,2,15
CFG13,QI,2,16
CFG13,QI,5,17
CFG13,QI,3,18
CFG13,QI,2,19
CFG13,QI,1,20
CFG13,QI,1,21
CFG13,QI,5,22
CFG13,QI,1,24
CFG13,QI,2,25
CFG13,QI,4,26
CFG13,QI,3,28
CFG13,QI,3,29
CFG13,QI,1,30
CFG13,QI,1,31
CFG13,QI,1,32
CFG13,QI,2,38
CFG13,QI,1,40
CFG13,QI,2,41
CFG13,QI,2,42
CFG13,QI,1,43
CFG13,QI,1,44
CFG13,QI,1,46
CFG13,QI,1,49
CFG13,QI,1,54
CFG13,QI,1,55
CFG13,QI,1,56
CFG13,QI,1,57
CFG13,QI,1,62
CFG13,QI,1,69
CFG13,QI,1,70
CFG13,QI,2,72
CFG13,QI,1,74
CFG13,QI,3,78
CFG13,QI,1,89
CFG13,QI,2,92
CFG13,QI,1,96
CFG13,QI,1,101
CFG13,QI,1,102
CFG13,QI,1,105
CFG13,QI,1,107
CFG13,QI,1,110
CFG13,QI,1,117
CFG13,QI,2,118
CFG13,QI,1,128
CFG13,QI,1,130
CFG13,QI,1,140
CFG13,QI,1,174
CFG13,QI,1,180
CFG13,QI,1,190
CFG13,QI,1,191
CFG13,QI,1,193
CFG13,QI,2,199
CFG13,QI,1,216
CFG13,QI,1,228
CFG13,QI,1,240
CFG13,QI,1,249
CFG13,QI,1,263
CFG13,QI,1,292
CFG13,QI,1,320
CFG13,QI,1,384
CFG13,QI,1,386
CFG13,QI,1,487
CFG13,QI,1,669
CFG13,QI,1,719
CFG13,QI,1,724
CFG13,QI,1,767
CFG13,QI,1,842
CFG13,QI,1,940
CFG13,QI,1,1024
CFG13,QI,1,1032
CFG13,QI,1,1043
CFG13,QI,1,1061
CFG13,QI,1,1073
CFG13,QI,1,1181
CFG13,QI,1,1248
CFG13,QI,1,1348
CFG13,QI,1,1959
CFG13,QI,1,2214
CFG13,QI,1,2307
CFG13,full,44,1
CFG13,full,17,2
CFG13,full,27,3
CFG13,full,28,4
CFG13,full,20,5
CFG13,full,11,6
CFG13,full,12,7
CFG13,full,7,8
CFG13,full,6,9
CFG13,full,9,10
CFG13,full,4,11
CFG13,full,4,12
CFG13,full,5,13
CFG13,full,5,14
CFG13,full,7,15
CFG13,full,2,16
CFG13,full,4,17
CFG13,full,5,18
CFG13,full,4,19
CFG13,full,6,20
CFG13,full,5,21
CFG13,full,1,22
CFG13,full,4,23
CFG13,full,2,24
CFG13,full,2,25
CFG13,full,4,26
CFG13,full,3,27
CFG13,full,3,28
CFG13,full,1,29
CFG13,full,1,30
CFG13,full,4,31
CFG13,full,1,33
CFG13,full,1,35
CFG13,full,2,36
CFG13,full,4,38
CFG13,full,1,39
CFG13,full,1,40
CFG13,full,1,42
CFG13,full,1,43
CFG13,full,1,44
CFG13,full,1,48
CFG13,full,1,50
CFG13,full,2,52
CFG13,full,1,53
CFG13,full,1,55
CFG13,full,1,58
CFG13,full,1,64
CFG13,full,2,66
CFG13,full,1,68
CFG13,full,2,72
CFG13,full,1,75
CFG13,full,2,77
CFG13,full,1,79
CFG13,full,2,80
CFG13,full,2,85
CFG13,full,1,88
CFG13,full,1,91
CFG13,full,2,92
CFG13,full,2,97
CFG13,full,1,98
CFG13,full,1,101
CFG13,full,1,112
CFG13,full,1,115
CFG13,full,1,118
CFG13,full,1,125
CFG13,full,1,129
CFG13,full,1,138
CFG13,full,1,144
CFG13,full,1,152
CFG13,full,1,159
CFG13,full,1,168
CFG13,full,1,173
CFG13,full,1,176
CFG13,full,1,177
CFG13,full,1,188
CFG13,full,1,191
CFG13,full,1,194
CFG13,full,1,196
CFG13,full,1,205
CFG13,full,1,211
CFG13,full,1,219
CFG13,full,1,254
CFG13,full,1,265
CFG13,full,1,291
CFG13,full,1,314
CFG13,full,1,342
CFG13,full,1,374
CFG13,full,1,393
CFG13,full,1,470
CFG13,full,1,520
CFG13,full,1,649
CFG13,full,1,680
CFG13,full,1,688
CFG13,full,1,739
CFG13,full,1,747
CFG13,full,1,750
CFG13,full,1,838
CFG13,full,1,843
CFG13,full,1,855
CFG13,full,1,903
CFG13,full,1,916
CFG13,full,1,995
CFG13,full,1,1018
CFG13,full,1,1221
CFG13,full,1,1311
CFG13,full,1,1337
CFG13,full,1,1439
CFG13,full,1,1560
CFG14,QI,4,10
CFG14,QI,5,11
CFG14,QI,8,12
CFG14,QI,6,13
CFG14,QI,3,14
CFG14,QI,5,16
CFG14,QI,2,17
CFG14,QI,3,18
CFG14,QI,2,19
CFG14,QI,1,20
CFG14,QI,4,21
CFG14,QI,2,22
CFG14,QI,2,23
CFG14,QI,2,24
CFG14,QI,1,25
CFG14,QI,2,27
CFG14,QI,2,28
CFG14,QI,1,29
CFG14,QI,4,30
CFG14,QI,1,31
CFG14,QI,3,33
CFG14,QI,2,34
CFG14,QI,2,35
CFG14,QI,1,37
CFG14,QI,2,40
CFG14,QI,1,45
CFG14,QI,1,46
CFG14,QI,1,48
CFG14,QI,1,50
CFG14,QI,1,51
CFG14,QI,1,52
CFG14,QI,2,53
CFG14,QI,2,54
CFG14,QI,1,56
CFG14,QI,1,59
CFG14,QI,1,60
CFG14,QI,1,62
CFG14,QI,1,63
CFG14,QI,1,64
CFG14,QI,1,68
CFG14,QI,1,70
CFG14,QI,2,76
CFG14,QI,1,80
CFG14,QI,1,83
CFG14,QI,1,86
CFG14,QI,1,88
CFG14,QI,1,95
CFG14,QI,1,99
CFG14,QI,1,103
CFG14,QI,1,104
CFG14,QI,1,108
CFG14,QI,1,113
CFG14,QI,1,120
CFG14,QI,1,126
CFG14,QI,1,128
CFG14,QI,1,130
CFG14,QI,1,142
CFG14,QI,1,144
CFG14,QI,1,150
CFG14,QI,2,157
CFG14,QI,1,168
CFG14,QI,1,182
CFG14,QI,1,186
CFG14,QI,1,193
CFG14,QI,1,196
CFG14,QI,1,203
CFG14,QI,1,213
CFG14,QI,1,229
CFG14,QI,1,249
CFG14,QI,1,271
CFG14,QI,1,298
CFG14,QI,1,311
CFG14,QI,1,322
CFG14,QI,1,389
CFG14,QI,1,406
CFG14,QI,1,413
CFG14,QI,1,514
CFG14,QI,1,564
CFG14,QI,1,591
CFG14,QI,1,627
CFG14,QI,1,655
CFG14,QI,1,746
CFG14,QI,1,856
CFG14,QI,1,1308
CFG14,QI,1,1350
CFG14,QI,1,1372
CFG14,QI,1,1445
CFG14,QI,1,1970
CFG14,QI,1,3408
CFG14,QI,1,4224
CFG14,full,22,1
CFG14,full,17,2
CFG14,full,13,3
CFG14,full,11,4
CFG14,full,7,5
CFG14,full,6,6
CFG14,full,8,7
CFG14,full,11,8
CFG14,full,8,9
CFG14,full,8,10
CFG14,full,8,11
CFG14,full,7,12
CFG14,full,5,13
CFG14,full,1,14
CFG14,full,9,15
CFG14,full,8,16
CFG14,full,3,17
CFG14,full,4,18
CFG14,full,4,19
CFG14,full,1,20
CFG14,full,4,21
CFG14,full,1,22
CFG14,full,1,23
CFG14,full,3,24
CFG14,full,3,25
CFG14,full,2,26
CFG14,full,3,28
CFG14,full,3,29
CFG14,full,1,30
CFG14,full,1,31
CFG14,full,1,32
CFG14,full,1,33
CFG14,full,1,34
CFG14,full,1,35
CFG14,full,4,36
CFG14,full,1,37
CFG14,full,1,40
CFG14,full,1,41
CFG14,full,2,43
CFG14,full,3,44
CFG14,full,3,45
CFG14,full,1,47
CFG14,full,2,48
CFG14,full,1,50
CFG14,full,1,52
CFG14,full,2,53
CFG14,full,2,55
CFG14,full,1,56
CFG14,full,1,57
CFG14,full,2,58
CFG14,full,2,59
CFG14,full,2,64
CFG14,full,1,67
CFG14,full,1,69
CFG14,full,1,81
CFG14,full,1,83
CFG14,full,1,84
CFG14,full,1,91
CFG14,full,2,93
CFG14,full,1,98
CFG14,full,1,99
CFG14,full,1,101
CFG14,full,1,102
CFG14,full,1,109
CFG14,full,2,114
CFG14,full,1,118
CFG14,full,1,119
CFG14,full,1,121
CFG14,full,1,123
CFG14,full,1,133
CFG14,full,1,135
CFG14,full,2,139
CFG14,full,1,148
CFG14,full,1,149
CFG14,full,1,157
CFG14,full,1,163
CFG14,full,1,167
CFG14,full,1,175
CFG14,full,1,182
CFG14,full,1,189
CFG14,full,1,192
CFG14,full,2,194
CFG14,full,1,223
CFG14,full,1,247
CFG14,full,1,248
CFG14,full,1,250
CFG14,full,1,266
CFG14,full,1,298
CFG14,full,1,307
CFG14,full,1,343
CFG14,full,1,361
CFG14,full,1,373
CFG14,full,1,455
CFG14,full,1,481
CFG14,full,1,521
CFG14,full,1,602
CFG14,full,1,731
CFG14,full,1,821
CFG14,full,1,1210
CFG14,full,1,1270
CFG14,full,1,1322
CFG14,full,1,1431
CFG14,full,1,1449
CFG14,full,1,1452
CFG14,full,1,1833
CFG14,full,1,1956
CFG14,full,1,2391
CFG15,QI,1,70
CFG15,QI,1,442
CFG15,QI,1,547
CFG15,QI,1,4140
CFG15,QI,1,24647
CFG15,full,1,13
CFG15,full,1,57
CFG15,full,1,125
CFG15,full,1,171
CFG15,full,1,317
CFG15,full,1,376
CFG15,full,1,1257
CFG15,full,1,2883
CFG15,full,1,5873
CFG15,full,1,18774
CFG16,QI,1,70
CFG16,QI,1,442
CFG16,QI,1,547
CFG16,QI,1,4140
CFG16,QI,1,24647
CFG16,full,1,13
CFG16,full,1,57
CFG16,full,1,125
CFG16,full,1,171
CFG16,full,1,317
CFG16,full,1,376
CFG16,full,1,1257
CFG16,full,1,2883
CFG16,full,1,5873
CFG16,full,1,18774
