config_id,kind,item_count,size_sum,minimum,median,p95,maximum,unique_rows,uniqueness
CFG00,QI,18109,30162,1,1,4,45,14021,0.46485644188051189
CFG00,full,19502,30162,1,1,4,45,15512,0.51428950334858436
CFG01,QI,60,30162,3,57.5,2648.0999999999999,5007,0,0
CFG01,full,115,30162,1,27,1903.2,3087,10,0.0003315430011272462
CFG02,QI,30,30162,16,152.5,5324.25,7489,0,0
CFG02,full,60,30162,1,58.5,3321.25,4953,2,6.6308600225449234e-05
CFG03,QI,30,30162,16,152.5,5324.25,7489,0,0
CFG03,full,60,30162,1,58.5,3321.25,4953,2,6.6308600225449234e-05
CFG04,QI,20,30162,21,603.5,4743.3999999999996,5283,0,0
CFG04,full,39,30162,1,209,3458.3000000000002,3826,1,3.3154300112724617e-05
CFG05,QI,30,30162,16,152.5,5324.25,7489,0,0
CFG05,full,60,30162,1,58.5,3321.25,4953,2,6.6308600225449234e-05
CFG06,QI,30,30162,16,152.5,5324.25,7489,0,0
CFG06,full,60,30162,1,58.5,3321.25,4953,2,6.6308600225449234e-05
CFG07,QI,6,30162,2555,5145,7859,8355,0,0
CFG07,full,12,30162,280,2403.5,5071.1000000000004,5576,0,0
CFG08,QI,1,30162,30162,30162,30162,30162,0,0
CFG08,full,2,30162,7508,15081,21896.700000000001,22654,0,0
CFG09,QI,6,30162,2555,5145,7859,8355,0,0
CFG09,full,12,30162,280,2403.5,5071.1000000000004,5576,0,0
CFG10,QI,1,30162,30162,30162,30162,30162,0,0
CFG10,full,2,30162,7508,15081,21896.700000000001,22654,0,0
CFG11,QI,384,28914,5,16,402.25,1141,0,0
CFG11,full,644,28914,1,9,211.40000000000001,848,56,0.0019367780314034724
CFG12,QI,200,28678,10,33,503.89999999999998,2007,0,0
CFG12,full,359,28678,1,18,321.5,1649,16,0.00055791896227073013
CFG13,QI,173,28880,5,25,1036.4000000000001,2307,0,0
CFG13,full,346,28880,1,10,616.75,1560,44,0.0015235457063711912
CFG14,QI,139,28660,10,40,901.20000000000005,4224,0,0
CFG14,full,278,28660,1,15,458.89999999999998,2391,22,0.00076762037683182139
CFG15,QI,5,29846,70,547,20545.599999999999,24647,0,0
CFG15,full,10,29846,13,346.5,12968.549999999999,18774,0,0
CFG16,QI,5,29846,70,547,20545.599999999999,24647,0,0
CFG16,full,10,29846,13,346.5,12968.549999999999,18774,0,0
