config_id,source_value,source_count,final_level,fate,rule_status
CFG00,Holand-Netherlands,1,0,RETAINED,RAW_REFERENCE
CFG01,Holand-Netherlands,1,2,RETAINED,PASS
CFG02,Holand-Netherlands,1,2,RETAINED,PASS
CFG03,Holand-Netherlands,1,2,RETAINED,PASS
CFG04,Holand-Netherlands,1,2,RETAINED,PASS
CFG05,Holand-Netherlands,1,2,RETAINED,PASS
CFG06,Holand-Netherlands,1,2,RETAINED,PASS
CFG07,Holand-Netherlands,1,2,RETAINED,PASS
CFG08,Holand-Netherlands,1,2,RETAINED,PASS
CFG09,Holand-Netherlands,1,2,RETAINED,PASS
CFG10,Holand-Netherlands,1,2,RETAINED,PASS
CFG11,Holand-Netherlands,1,1,RETAINED,PASS
CFG12,Holand-Netherlands,1,1,RETAINED,PASS
CFG13,Holand-Netherlands,1,1,RETAINED,PASS
CFG14,Holand-Netherlands,1,1,RETAINED,PASS
CFG15,Holand-Netherlands,1,1,RETAINED,PASS
CFG16,Holand-Netherlands,1,1,RETAINED,PASS
