model_id,config_id,group,all_zero_block_row_count,distinct_unknown_value_count,fitted_category_count,qi,unknown_row_count,unknown_row_rate,prediction_row_count
CFG00,CFG00,raw_reference,2,2,72,age,2,0.00013280212483399734,15060
CFG00,CFG00,raw_reference,0,0,2,sex,0,0.0,15060
CFG00,CFG00,raw_reference,0,0,5,race,0,0.0,15060
CFG00,CFG00,raw_reference,0,0,7,marital-status,0,0.0,15060
CFG00,CFG00,raw_reference,0,0,16,education,0,0.0,15060
CFG00,CFG00,raw_reference,0,0,41,native-country,0,0.0,15060
CFG00,CFG00,raw_reference,0,0,7,workclass,0,0.0,15060
CFG00,CFG00,raw_reference,0,0,14,occupation,0,0.0,15060
CFG01/counterfactual,CFG01,counterfactual,0,0,1,age,0,0.0,15060
CFG01/counterfactual,CFG01,counterfactual,0,0,2,sex,0,0.0,15060
CFG01/counterfactual,CFG01,counterfactual,0,0,5,race,0,0.0,15060
CFG01/counterfactual,CFG01,counterfactual,0,0,2,marital-status,0,0.0,15060
CFG01/counterfactual,CFG01,counterfactual,0,0,1,education,0,0.0,15060
CFG01/counterfactual,CFG01,counterfactual,0,0,1,native-country,0,0.0,15060
CFG01/counterfactual,CFG01,counterfactual,0,0,1,workclass,0,0.0,15060
CFG01/counterfactual,CFG01,counterfactual,0,0,3,occupation,0,0.0,15060
CFG01/release,CFG01,release,0,0,1,age,0,0.0,15060
CFG01/release,CFG01,release,0,0,2,sex,0,0.0,15060
CFG01/release,CFG01,release,0,0,5,race,0,0.0,15060
CFG01/release,CFG01,release,0,0,2,marital-status,0,0.0,15060
CFG01/release,CFG01,release,0,0,1,education,0,0.0,15060
CFG01/release,CFG01,release,0,0,1,native-country,0,0.0,15060
CFG01/release,CFG01,release,0,0,1,workclass,0,0.0,15060
CFG01/release,CFG01,release,0,0,3,occupation,0,0.0,15060
CFG02/counterfactual,CFG02,counterfactual,0,0,1,age,0,0.0,15060
CFG02/counterfactual,CFG02,counterfactual,0,0,2,sex,0,0.0,15060
CFG02/counterfactual,CFG02,counterfactual,0,0,5,race,0,0.0,15060
CFG02/counterfactual,CFG02,counterfactual,0,0,1,marital-status,0,0.0,15060
CFG02/counterfactual,CFG02,counterfactual,0,0,1,education,0,0.0,15060
CFG02/counterfactual,CFG02,counterfactual,0,0,1,native-country,0,0.0,15060
CFG02/counterfactual,CFG02,counterfactual,0,0,1,workclass,0,0.0,15060
CFG02/counterfactual,CFG02,counterfactual,0,0,3,occupation,0,0.0,15060
CFG02/release,CFG02,release,0,0,1,age,0,0.0,15060
CFG02/release,CFG02,release,0,0,2,sex,0,0.0,15060
CFG02/release,CFG02,release,0,0,5,race,0,0.0,15060
CFG02/release,CFG02,release,0,0,1,marital-status,0,0.0,15060
CFG02/release,CFG02,release,0,0,1,education,0,0.0,15060
CFG02/release,CFG02,release,0,0,1,native-country,0,0.0,15060
CFG02/release,CFG02,release,0,0,1,workclass,0,0.0,15060
CFG02/release,CFG02,release,0,0,3,occupation,0,0.0,15060
CFG03/counterfactual,CFG03,counterfactual,0,0,1,age,0,0.0,15060
CFG03/counterfactual,CFG03,counterfactual,0,0,2,sex,0,0.0,15060
CFG03/counterfactual,CFG03,counterfactual,0,0,5,race,0,0.0,15060
CFG03/counterfactual,CFG03,counterfactual,0,0,1,marital-status,0,0.0,15060
CFG03/counterfactual,CFG03,counterfactual,0,0,1,education,0,0.0,15060
CFG03/counterfactual,CFG03,counterfactual,0,0,1,native-country,0,0.0,15060
CFG03/counterfactual,CFG03,counterfactual,0,0,1,workclass,0,0.0,15060
CFG03/counterfactual,CFG03,counterfactual,0,0,3,occupation,0,0.0,15060
CFG03/release,CFG03,release,0,0,1,age,0,0.0,15060
CFG03/release,CFG03,release,0,0,2,sex,0,0.0,15060
CFG03/release,CFG03,release,0,0,5,race,0,0.0,15060
CFG03/release,CFG03,release,0,0,1,marital-status,0,0.0,15060
CFG03/release,CFG03,release,0,0,1,education,0,0.0,15060
CFG03/release,CFG03,release,0,0,1,native-country,0,0.0,15060
CFG03/release,CFG03,release,0,0,1,workclass,0,0.0,15060
CFG03/release,CFG03,release,0,0,3,occupation,0,0.0,15060
CFG04/counterfactual,CFG04,counterfactual,0,0,1,age,0,0.0,15060
CFG04/counterfactual,CFG04,counterfactual,0,0,2,sex,0,0.0,15060
CFG04/counterfactual,CFG04,counterfactual,0,0,1,race,0,0.0,15060
CFG04/counterfactual,CFG04,counterfactual,0,0,2,marital-status,0,0.0,15060
CFG04/counterfactual,CFG04,counterfactual,0,0,5,education,0,0.0,15060
CFG04/counterfactual,CFG04,counterfactual,0,0,1,native-country,0,0.0,15060
CFG04/counterfactual,CFG04,counterfactual,0,0,1,workclass,0,0.0,15060
CFG04/counterfactual,CFG04,counterfactual,0,0,1,occupation,0,0.0,15060
CFG04/release,CFG04,release,0,0,1,age,0,0.0,15060
CFG04/release,CFG04,release,0,0,2,sex,0,0.0,15060
CFG04/release,CFG04,release,0,0,1,race,0,0.0,15060
CFG04/release,CFG04,release,0,0,2,marital-status,0,0.0,15060
CFG04/release,CFG04,release,0,0,5,education,0,0.0,15060
CFG04/release,CFG04,release,0,0,1,native-country,0,0.0,15060
CFG04/release,CFG04,release,0,0,1,workclass,0,0.0,15060
CFG04/release,CFG04,release,0,0,1,occupation,0,0.0,15060
CFG05/counterfactual,CFG05,counterfactual,0,0,1,age,0,0.0,15060
CFG05/counterfactual,CFG05,counterfactual,0,0,2,sex,0,0.0,15060
CFG05/counterfactual,CFG05,counterfactual,0,0,5,race,0,0.0,15060
CFG05/counterfactual,CFG05,counterfactual,0,0,1,marital-status,0,0.0,15060
CFG05/counterfactual,CFG05,counterfactual,0,0,1,education,0,0.0,15060
CFG05/counterfactual,CFG05,counterfactual,0,0,1,native-country,0,0.0,15060
CFG05/counterfactual,CFG05,counterfactual,0,0,1,workclass,0,0.0,15060
CFG05/counterfactual,CFG05,counterfactual,0,0,3,occupation,0,0.0,15060
CFG05/release,CFG05,release,0,0,1,age,0,0.0,15060
CFG05/release,CFG05,release,0,0,2,sex,0,0.0,15060
CFG05/release,CFG05,release,0,0,5,race,0,0.0,15060
CFG05/release,CFG05,release,0,0,1,marital-status,0,0.0,15060
CFG05/release,CFG05,release,0,0,1,education,0,0.0,15060
CFG05/release,CFG05,release,0,0,1,native-country,0,0.0,15060
CFG05/release,CFG05,release,0,0,1,workclass,0,0.0,15060
CFG05/release,CFG05,release,0,0,3,occupation,0,0.0,15060
CFG06/counterfactual,CFG06,counterfactual,0,0,1,age,0,0.0,15060
CFG06/counterfactual,CFG06,counterfactual,0,0,2,sex,0,0.0,15060
CFG06/counterfactual,CFG06,counterfactual,0,0,5,race,0,0.0,15060
CFG06/counterfactual,CFG06,counterfactual,0,0,1,marital-status,0,0.0,15060
CFG06/counterfactual,CFG06,counterfactual,0,0,1,education,0,0.0,15060
CFG06/counterfactual,CFG06,counterfactual,0,0,1,native-country,0,0.0,15060
CFG06/counterfactual,CFG06,counterfactual,0,0,1,workclass,0,0.0,15060
CFG06/counterfactual,CFG06,counterfactual,0,0,3,occupation,0,0.0,15060
CFG06/release,CFG06,release,0,0,1,age,0,0.0,15060
CFG06/release,CFG06,release,0,0,2,sex,0,0.0,15060
CFG06/release,CFG06,release,0,0,5,race,0,0.0,15060
CFG06/release,CFG06,release,0,0,1,marital-status,0,0.0,15060
CFG06/release,CFG06,release,0,0,1,education,0,0.0,15060
CFG06/release,CFG06,release,0,0,1,native-country,0,0.0,15060
CFG06/release,CFG06,release,0,0,1,workclass,0,0.0,15060
CFG06/release,CFG06,release,0,0,3,occupation,0,0.0,15060
CFG07/counterfactual,CFG07,counterfactual,0,0,1,age,0,0.0,15060
CFG07/counterfactual,CFG07,counterfactual,0,0,2,sex,0,0.0,15060
CFG07/counterfactual,CFG07,counterfactual,0,0,1,race,0,0.0,15060
CFG07/counterfactual,CFG07,counterfactual,0,0,1,marital-status,0,0.0,15060
CFG07/counterfactual,CFG07,counterfactual,0,0,1,education,0,0.0,15060
CFG07/counterfactual,CFG07,counterfactual,0,0,1,native-country,0,0.0,15060
CFG07/counterfactual,CFG07,counterfactual,0,0,1,workclass,0,0.0,15060
CFG07/counterfactual,CFG07,counterfactual,0,0,3,occupation,0,0.0,15060
CFG07/release,CFG07,release,0,0,1,age,0,0.0,15060
CFG07/release,CFG07,release,0,0,2,sex,0,0.0,15060
CFG07/release,CFG07,release,0,0,1,race,0,0.0,15060
CFG07/release,CFG07,release,0,0,1,marital-status,0,0.0,15060
CFG07/release,CFG07,release,0,0,1,education,0,0.0,15060
CFG07/release,CFG07,release,0,0,1,native-country,0,0.0,15060
CFG07/release,CFG07,release,0,0,1,workclass,0,0.0,15060
CFG07/release,CFG07,release,0,0,3,occupation,0,0.0,15060
CFG08/counterfactual,CFG08,counterfactual,0,0,1,age,0,0.0,15060
CFG08/counterfactual,CFG08,counterfactual,0,0,1,sex,0,0.0,15060
CFG08/counterfactual,CFG08,counterfactual,0,0,1,race,0,0.0,15060
CFG08/counterfactual,CFG08,counterfactual,0,0,1,marital-status,0,0.0,15060
CFG08/counterfactual,CFG08,counterfactual,0,0,1,education,0,0.0,15060
CFG08/counterfactual,CFG08,counterfactual,0,0,1,native-country,0,0.0,15060
CFG08/counterfactual,CFG08,counterfactual,0,0,1,workclass,0,0.0,15060
CFG08/counterfactual,CFG08,counterfactual,0,0,1,occupation,0,0.0,15060
CFG08/release,CFG08,release,0,0,1,age,0,0.0,15060
CFG08/release,CFG08,release,0,0,1,sex,0,0.0,15060
CFG08/release,CFG08,release,0,0,1,race,0,0.0,15060
CFG08/release,CFG08,release,0,0,1,marital-status,0,0.0,15060
CFG08/release,CFG08,release,0,0,1,education,0,0.0,15060
CFG08/release,CFG08,release,0,0,1,native-country,0,0.0,15060
CFG08/release,CFG08,release,0,0,1,workclass,0,0.0,15060
CFG08/release,CFG08,release,0,0,1,occupation,0,0.0,15060
CFG09/counterfactual,CFG09,counterfactual,0,0,1,age,0,0.0,15060
CFG09/counterfactual,CFG09,counterfactual,0,0,2,sex,0,0.0,15060
CFG09/counterfactual,CFG09,counterfactual,0,0,1,race,0,0.0,15060
CFG09/counterfactual,CFG09,counterfactual,0,0,1,marital-status,0,0.0,15060
CFG09/counterfactual,CFG09,counterfactual,0,0,1,education,0,0.0,15060
CFG09/counterfactual,CFG09,counterfactual,0,0,1,native-country,0,0.0,15060
CFG09/counterfactual,CFG09,counterfactual,0,0,1,workclass,0,0.0,15060
CFG09/counterfactual,CFG09,counterfactual,0,0,3,occupation,0,0.0,15060
CFG09/release,CFG09,release,0,0,1,age,0,0.0,15060
CFG09/release,CFG09,release,0,0,2,sex,0,0.0,15060
CFG09/release,CFG09,release,0,0,1,race,0,0.0,15060
CFG09/release,CFG09,release,0,0,1,marital-status,0,0.0,15060
CFG09/release,CFG09,release,0,0,1,education,0,0.0,15060
CFG09/release,CFG09,release,0,0,1,native-country,0,0.0,15060
CFG09/release,CFG09,release,0,0,1,workclass,0,0.0,15060
CFG09/release,CFG09,release,0,0,3,occupation,0,0.0,15060
CFG10/counterfactual,CFG10,counterfactual,0,0,1,age,0,0.0,15060
CFG10/counterfactual,CFG10,counterfactual,0,0,1,sex,0,0.0,15060
CFG10/counterfactual,CFG10,counterfactual,0,0,1,race,0,0.0,15060
CFG10/counterfactual,CFG10,counterfactual,0,0,1,marital-status,0,0.0,15060
CFG10/counterfactual,CFG10,counterfactual,0,0,1,education,0,0.0,15060
CFG10/counterfactual,CFG10,counterfactual,0,0,1,native-country,0,0.0,15060
CFG10/counterfactual,CFG10,counterfactual,0,0,1,workclass,0,0.0,15060
CFG10/counterfactual,CFG10,counterfactual,0,0,1,occupation,0,0.0,15060
CFG10/release,CFG10,release,0,0,1,age,0,0.0,15060
CFG10/release,CFG10,release,0,0,1,sex,0,0.0,15060
CFG10/release,CFG10,release,0,0,1,race,0,0.0,15060
CFG10/release,CFG10,release,0,0,1,marital-status,0,0.0,15060
CFG10/release,CFG10,release,0,0,1,education,0,0.0,15060
CFG10/release,CFG10,release,0,0,1,native-country,0,0.0,15060
CFG10/release,CFG10,release,0,0,1,workclass,0,0.0,15060
CFG10/release,CFG10,release,0,0,1,occupation,0,0.0,15060
CFG11/counterfactual,CFG11,counterfactual,0,0,5,age,0,0.0,15060
CFG11/counterfactual,CFG11,counterfactual,0,0,2,sex,0,0.0,15060
CFG11/counterfactual,CFG11,counterfactual,0,0,5,race,0,0.0,15060
CFG11/counterfactual,CFG11,counterfactual,0,0,2,marital-status,0,0.0,15060
CFG11/counterfactual,CFG11,counterfactual,0,0,3,education,0,0.0,15060
CFG11/counterfactual,CFG11,counterfactual,0,0,5,native-country,0,0.0,15060
CFG11/counterfactual,CFG11,counterfactual,0,0,3,workclass,0,0.0,15060
CFG11/counterfactual,CFG11,counterfactual,0,0,3,occupation,0,0.0,15060
CFG11/release,CFG11,release,0,0,5,age,0,0.0,15060
CFG11/release,CFG11,release,0,0,2,sex,0,0.0,15060
CFG11/release,CFG11,release,0,0,5,race,0,0.0,15060
CFG11/release,CFG11,release,0,0,2,marital-status,0,0.0,15060
CFG11/release,CFG11,release,0,0,3,education,0,0.0,15060
CFG11/release,CFG11,release,0,0,5,native-country,0,0.0,15060
CFG11/release,CFG11,release,7,1,2,workclass,7,0.0004648074369189907,15060
CFG11/release,CFG11,release,0,0,3,occupation,0,0.0,15060
CFG12/counterfactual,CFG12,counterfactual,0,0,5,age,0,0.0,15060
CFG12/counterfactual,CFG12,counterfactual,0,0,2,sex,0,0.0,15060
CFG12/counterfactual,CFG12,counterfactual,0,0,5,race,0,0.0,15060
CFG12/counterfactual,CFG12,counterfactual,0,0,2,marital-status,0,0.0,15060
CFG12/counterfactual,CFG12,counterfactual,0,0,5,education,0,0.0,15060
CFG12/counterfactual,CFG12,counterfactual,0,0,5,native-country,0,0.0,15060
CFG12/counterfactual,CFG12,counterfactual,0,0,3,workclass,0,0.0,15060
CFG12/counterfactual,CFG12,counterfactual,0,0,1,occupation,0,0.0,15060
CFG12/release,CFG12,release,0,0,5,age,0,0.0,15060
CFG12/release,CFG12,release,0,0,2,sex,0,0.0,15060
CFG12/release,CFG12,release,0,0,5,race,0,0.0,15060
CFG12/release,CFG12,release,0,0,2,marital-status,0,0.0,15060
CFG12/release,CFG12,release,0,0,5,education,0,0.0,15060
CFG12/release,CFG12,release,30,1,4,native-country,30,0.00199203187250996,15060
CFG12/release,CFG12,release,7,1,2,workclass,7,0.0004648074369189907,15060
CFG12/release,CFG12,release,0,0,1,occupation,0,0.0,15060
CFG13/counterfactual,CFG13,counterfactual,0,0,1,age,0,0.0,15060
CFG13/counterfactual,CFG13,counterfactual,0,0,2,sex,0,0.0,15060
CFG13/counterfactual,CFG13,counterfactual,0,0,5,race,0,0.0,15060
CFG13/counterfactual,CFG13,counterfactual,0,0,2,marital-status,0,0.0,15060
CFG13/counterfactual,CFG13,counterfactual,0,0,3,education,0,0.0,15060
CFG13/counterfactual,CFG13,counterfactual,0,0,5,native-country,0,0.0,15060
CFG13/counterfactual,CFG13,counterfactual,0,0,3,workclass,0,0.0,15060
CFG13/counterfactual,CFG13,counterfactual,0,0,3,occupation,0,0.0,15060
CFG13/release,CFG13,release,0,0,1,age,0,0.0,15060
CFG13/release,CFG13,release,0,0,2,sex,0,0.0,15060
CFG13/release,CFG13,release,0,0,5,race,0,0.0,15060
CFG13/release,CFG13,release,0,0,2,marital-status,0,0.0,15060
CFG13/release,CFG13,release,0,0,3,education,0,0.0,15060
CFG13/release,CFG13,release,0,0,5,native-country,0,0.0,15060
CFG13/release,CFG13,release,7,1,2,workclass,7,0.0004648074369189907,15060
CFG13/release,CFG13,release,0,0,3,occupation,0,0.0,15060
CFG14/counterfactual,CFG14,counterfactual,0,0,1,age,0,0.0,15060
CFG14/counterfactual,CFG14,counterfactual,0,0,2,sex,0,0.0,15060
CFG14/counterfactual,CFG14,counterfactual,0,0,5,race,0,0.0,15060
CFG14/counterfactual,CFG14,counterfactual,0,0,7,marital-status,0,0.0,15060
CFG14/counterfactual,CFG14,counterfactual,0,0,1,education,0,0.0,15060
CFG14/counterfactual,CFG14,counterfactual,0,0,5,native-country,0,0.0,15060
CFG14/counterfactual,CFG14,counterfactual,0,0,3,workclass,0,0.0,15060
CFG14/counterfactual,CFG14,counterfactual,0,0,3,occupation,0,0.0,15060
CFG14/release,CFG14,release,0,0,1,age,0,0.0,15060
CFG14/release,CFG14,release,0,0,2,sex,0,0.0,15060
CFG14/release,CFG14,release,0,0,5,race,0,0.0,15060
CFG14/release,CFG14,release,11,1,6,marital-status,11,0.0007304116865869854,15060
CFG14/release,CFG14,release,0,0,1,education,0,0.0,15060
CFG14/release,CFG14,release,0,0,5,native-country,0,0.0,15060
CFG14/release,CFG14,release,7,1,2,workclass,7,0.0004648074369189907,15060
CFG14/release,CFG14,release,0,0,3,occupation,0,0.0,15060
CFG15/counterfactual,CFG15,counterfactual,0,0,1,age,0,0.0,15060
CFG15/counterfactual,CFG15,counterfactual,0,0,1,sex,0,0.0,15060
CFG15/counterfactual,CFG15,counterfactual,0,0,1,race,0,0.0,15060
CFG15/counterfactual,CFG15,counterfactual,0,0,1,marital-status,0,0.0,15060
CFG15/counterfactual,CFG15,counterfactual,0,0,1,education,0,0.0,15060
CFG15/counterfactual,CFG15,counterfactual,0,0,5,native-country,0,0.0,15060
CFG15/counterfactual,CFG15,counterfactual,0,0,3,workclass,0,0.0,15060
CFG15/counterfactual,CFG15,counterfactual,0,0,1,occupation,0,0.0,15060
CFG15/release,CFG15,release,0,0,1,age,0,0.0,15060
CFG15/release,CFG15,release,0,0,1,sex,0,0.0,15060
CFG15/release,CFG15,release,0,0,1,race,0,0.0,15060
CFG15/release,CFG15,release,0,0,1,marital-status,0,0.0,15060
CFG15/release,CFG15,release,0,0,1,education,0,0.0,15060
CFG15/release,CFG15,release,80,1,4,native-country,80,0.005312084993359893,15060
CFG15/release,CFG15,release,7,1,2,workclass,7,0.0004648074369189907,15060
CFG15/release,CFG15,release,0,0,1,occupation,0,0.0,15060
CFG16/counterfactual,CFG16,counterfactual,0,0,1,age,0,0.0,15060
CFG16/counterfactual,CFG16,counterfactual,0,0,1,sex,0,0.0,15060
CFG16/counterfactual,CFG16,counterfactual,0,0,1,race,0,0.0,15060
CFG16/counterfactual,CFG16,counterfactual,0,0,1,marital-status,0,0.0,15060
CFG16/counterfactual,CFG16,counterfactual,0,0,1,education,0,0.0,15060
CFG16/counterfactual,CFG16,counterfactual,0,0,5,native-country,0,0.0,15060
CFG16/counterfactual,CFG16,counterfactual,0,0,3,workclass,0,0.0,15060
CFG16/counterfactual,CFG16,counterfactual,0,0,1,occupation,0,0.0,15060
CFG16/release,CFG16,release,0,0,1,age,0,0.0,15060
CFG16/release,CFG16,release,0,0,1,sex,0,0.0,15060
CFG16/release,CFG16,release,0,0,1,race,0,0.0,15060
CFG16/release,CFG16,release,0,0,1,marital-status,0,0.0,15060
CFG16/release,CFG16,release,0,0,1,education,0,0.0,15060
CFG16/release,CFG16,release,80,1,4,native-country,80,0.005312084993359893,15060
CFG16/release,CFG16,release,7,1,2,workclass,7,0.0004648074369189907,15060
CFG16/release,CFG16,release,0,0,1,occupation,0,0.0,15060
