config_id,point_estimate,direction,ci95_low,ci95_high
CFG01,0.07804123049105449,AUROC_CFG00_minus_AUROC_release,0.07248620634278641,0.08324053548486875
CFG02,0.20093840407308716,AUROC_CFG00_minus_AUROC_release,0.19189288934621238,0.20955002319661212
CFG03,0.20093840407308716,AUROC_CFG00_minus_AUROC_release,0.19189288934621238,0.20955002319661212
CFG04,0.04624556290445381,AUROC_CFG00_minus_AUROC_release,0.042106948872287706,0.05042333162828321
CFG05,0.20093840407308716,AUROC_CFG00_minus_AUROC_release,0.19189288934621238,0.20955002319661212
CFG06,0.20093840407308716,AUROC_CFG00_minus_AUROC_release,0.19189288934621238,0.20955002319661212
CFG07,0.20934727112676055,AUROC_CFG00_minus_AUROC_release,0.2005035309407118,0.2177734743766654
CFG08,0.38409495146555006,AUROC_CFG00_minus_AUROC_release,0.3786727558764751,0.3897089877950134
CFG09,0.20934727112676055,AUROC_CFG00_minus_AUROC_release,0.2005035309407118,0.2177734743766654
CFG10,0.38409495146555006,AUROC_CFG00_minus_AUROC_release,0.3786727558764751,0.3897089877950134
CFG11,0.030471688237533323,AUROC_CFG00_minus_AUROC_release,0.026725001784354874,0.03429225471069658
CFG12,0.03392492624666921,AUROC_CFG00_minus_AUROC_release,0.030252662257327805,0.037815887894937145
CFG13,0.04115660687095546,AUROC_CFG00_minus_AUROC_release,0.03698427745527218,0.04532774285068513
CFG14,0.06817433146174345,AUROC_CFG00_minus_AUROC_release,0.06263162739103546,0.07331401253806624
CFG15,0.3576285568138561,AUROC_CFG00_minus_AUROC_release,0.3487120027598021,0.36696411781499805
CFG16,0.3576285568138561,AUROC_CFG00_minus_AUROC_release,0.3487120027598021,0.36696411781499805
