config_id,k_required,k_hat,l_required,l_hat,t_required,t_hat_original_global,u_qi,u_full,equivalence_class_count,equivalence_class_size_min,equivalence_class_size_max
CFG00,NA,NA,NA,NA,NA,NA,NA,NA,NA,NA,NA
CFG01,2,3,NA,1,NA,0.55107751475366351,0.0,0.0003315430011272462,60,3,5007
CFG02,5,16,NA,2,NA,0.22392248524633646,0.0,6.630860022544923e-05,30,16,7489
CFG03,10,16,NA,2,NA,0.22392248524633646,0.0,6.630860022544923e-05,30,16,7489
CFG04,20,21,NA,1,NA,0.59107751475366355,0.0,3.315430011272462e-05,20,21,5283
CFG05,5,16,2,2,NA,0.22392248524633646,0.0,6.630860022544923e-05,30,16,7489
CFG06,10,16,2,2,NA,0.22392248524633646,0.0,6.630860022544923e-05,30,16,7489
CFG07,5,2555,NA,2,0.2,0.18852559137230712,0.0,0.0,6,2555,8355
CFG08,5,30162,NA,2,0.1,0,0.0,0.0,1,30162,30162
CFG09,10,2555,NA,2,0.2,0.18852559137230712,0.0,0.0,6,2555,8355
CFG10,10,30162,NA,2,0.1,0,0.0,0.0,1,30162,30162
CFG11,5,5,NA,1,NA,0.75107751475366358,0.0,0.0019367780314034724,384,5,1141
CFG12,10,10,NA,1,NA,0.75107751475366358,0.0,0.0005579189622707301,200,10,2007
CFG13,5,5,2,2,NA,0.60822037189652067,0.0,0.0015235457063711912,173,5,2307
CFG14,10,10,2,2,NA,0.55638724926693783,0.0,0.0007676203768318214,139,10,4224
CFG15,5,70,NA,2,0.1,0.063691774351469763,0.0,0.0,5,70,24647
CFG16,10,70,NA,2,0.1,0.063691774351469763,0.0,0.0,5,70,24647
