scenario,config_id,actual_R_all,actual_R_released,permuted_R_all,permuted_R_released,uniform_R_all,uniform_R_released,target_count,draw_count,pair_count,retained_target_count,candidate_row_count,attempt_count,abstention_count,true_row_in_best_count
BASE,CFG00,0.07265909759688484,0.07265909759688484,2.481866918599514e-05,2.481866918599514e-05,3.315430011272462e-05,3.315430011272462e-05,5000,30,150000,5000,30162,150000,0,64554
BASE,CFG01,0.00013293291676940794,0.00013293291676940794,3.351418878699529e-05,3.351418878699529e-05,3.315430011272462e-05,3.315430011272462e-05,5000,30,150000,5000,30162,150000,0,150000
BASE,CFG02,6.594097347694961e-05,6.594097347694961e-05,3.269096931356767e-05,3.269096931356767e-05,3.315430011272462e-05,3.315430011272462e-05,5000,30,150000,5000,30162,150000,0,150000
BASE,CFG03,6.594097347694961e-05,6.594097347694961e-05,3.353412538581509e-05,3.353412538581509e-05,3.315430011272462e-05,3.315430011272462e-05,5000,30,150000,5000,30162,150000,0,150000
BASE,CFG04,0.0006668054064160867,0.0006668054064160867,3.386309671397214e-05,3.386309671397214e-05,3.315430011272462e-05,3.315430011272462e-05,5000,30,150000,5000,30162,150000,0,150000
BASE,CFG05,6.594097347694961e-05,6.594097347694961e-05,3.330432074774741e-05,3.330432074774741e-05,3.315430011272462e-05,3.315430011272462e-05,5000,30,150000,5000,30162,150000,0,150000
BASE,CFG06,6.594097347694961e-05,6.594097347694961e-05,3.31947345156803e-05,3.31947345156803e-05,3.315430011272462e-05,3.315430011272462e-05,5000,30,150000,5000,30162,150000,0,150000
BASE,CFG07,6.594097347694961e-05,6.594097347694961e-05,3.3940603889020086e-05,3.3940603889020086e-05,3.315430011272462e-05,3.315430011272462e-05,5000,30,150000,5000,30162,150000,0,150000
BASE,CFG08,3.315430011272462e-05,3.315430011272462e-05,3.315430011272462e-05,3.315430011272462e-05,3.315430011272462e-05,3.315430011272462e-05,5000,30,150000,5000,30162,150000,0,150000
BASE,CFG09,6.594097347694961e-05,6.594097347694961e-05,3.4180212037531035e-05,3.4180212037531035e-05,3.315430011272462e-05,3.315430011272462e-05,5000,30,150000,5000,30162,150000,0,150000
BASE,CFG10,3.315430011272462e-05,3.315430011272462e-05,3.315430011272462e-05,3.315430011272462e-05,3.315430011272462e-05,3.315430011272462e-05,5000,30,150000,5000,30162,150000,0,150000
BASE,CFG11,0.001340478551860081,0.0013977878538686977,3.5591825551886325e-05,3.7113478156294394e-05,3.316732378778446e-05,3.458532198934772e-05,5000,30,150000,4795,28914,149752,248,137513
BASE,CFG12,0.002003741772432106,0.002106540971858816,3.2255791192053404e-05,3.391062993277272e-05,3.316828230699491e-05,3.486993514192063e-05,5000,30,150000,4756,28678,149334,666,136501
BASE,CFG13,0.00029708189139044874,0.00030991225890929344,3.2433494872779866e-05,3.383423208093038e-05,3.319252077562327e-05,3.462603878116344e-05,5000,30,150000,4793,28880,148650,1350,143790
BASE,CFG14,0.000405958340360542,0.00042597937078755723,3.54242124009804e-05,3.7171261700923824e-05,3.325191905094208e-05,3.4891835310537335e-05,5000,30,150000,4765,28660,149880,120,142950
BASE,CFG15,3.31702740735777e-05,3.350532734704818e-05,3.31702740735777e-05,3.350532734704818e-05,3.31702740735777e-05,3.350532734704818e-05,5000,30,150000,4950,29846,150000,0,148500
BASE,CFG16,3.31702740735777e-05,3.350532734704818e-05,3.31702740735777e-05,3.350532734704818e-05,3.31702740735777e-05,3.350532734704818e-05,5000,30,150000,4950,29846,150000,0,148500
S1,CFG00,0.0020898338342786324,0.0020898338342786324,3.281541693667763e-05,3.281541693667763e-05,3.315430011272462e-05,3.315430011272462e-05,5000,30,150000,5000,30162,150000,0,60529
S1,CFG01,6.594097347694961e-05,6.594097347694961e-05,3.3170205675080844e-05,3.3170205675080844e-05,3.315430011272462e-05,3.315430011272462e-05,5000,30,150000,5000,30162,150000,0,150000
S1,CFG02,6.594097347694961e-05,6.594097347694961e-05,3.269096931356767e-05,3.269096931356767e-05,3.315430011272462e-05,3.315430011272462e-05,5000,30,150000,5000,30162,150000,0,150000
S1,CFG03,6.594097347694961e-05,6.594097347694961e-05,3.353412538581509e-05,3.353412538581509e-05,3.315430011272462e-05,3.315430011272462e-05,5000,30,150000,5000,30162,150000,0,150000
S1,CFG04,6.594097347694961e-05,6.594097347694961e-05,3.366497596574911e-05,3.366497596574911e-05,3.315430011272462e-05,3.315430011272462e-05,5000,30,150000,5000,30162,150000,0,150000
S1,CFG05,6.594097347694961e-05,6.594097347694961e-05,3.330432074774741e-05,3.330432074774741e-05,3.315430011272462e-05,3.315430011272462e-05,5000,30,150000,5000,30162,150000,0,150000
S1,CFG06,6.594097347694961e-05,6.594097347694961e-05,3.31947345156803e-05,3.31947345156803e-05,3.315430011272462e-05,3.315430011272462e-05,5000,30,150000,5000,30162,150000,0,150000
S1,CFG07,6.594097347694961e-05,6.594097347694961e-05,3.3940603889020086e-05,3.3940603889020086e-05,3.315430011272462e-05,3.315430011272462e-05,5000,30,150000,5000,30162,150000,0,150000
S1,CFG08,3.315430011272462e-05,3.315430011272462e-05,3.315430011272462e-05,3.315430011272462e-05,3.315430011272462e-05,3.315430011272462e-05,5000,30,150000,5000,30162,150000,0,150000
S1,CFG09,6.594097347694961e-05,6.594097347694961e-05,3.4180212037531035e-05,3.4180212037531035e-05,3.315430011272462e-05,3.315430011272462e-05,5000,30,150000,5000,30162,150000,0,150000
S1,CFG10,3.315430011272462e-05,3.315430011272462e-05,3.315430011272462e-05,3.315430011272462e-05,3.315430011272462e-05,3.315430011272462e-05,5000,30,150000,5000,30162,150000,0,150000
S1,CFG11,0.00030987602902845157,0.000323124117860742,3.299263596361653e-05,3.440316575976697e-05,3.316732378778446e-05,3.458532198934772e-05,5000,30,150000,4795,28914,150000,0,137441
S1,CFG12,0.00026887131162099524,0.00028266538227606733,3.260828066738012e-05,3.4281203392956393e-05,3.316828230699491e-05,3.486993514192063e-05,5000,30,150000,4756,28678,149912,88,136362
S1,CFG13,6.594595891014418e-05,6.879403182781575e-05,3.3701282994643264e-05,3.515677341398212e-05,3.319252077562327e-05,3.462603878116344e-05,5000,30,150000,4793,28880,150000,0,143790
S1,CFG14,6.609583107846273e-05,6.935554153039112e-05,3.332771127711899e-05,3.4971365453430214e-05,3.325191905094208e-05,3.4891835310537335e-05,5000,30,150000,4765,28660,150000,0,142950
S1,CFG15,3.31702740735777e-05,3.350532734704818e-05,3.31702740735777e-05,3.350532734704818e-05,3.31702740735777e-05,3.350532734704818e-05,5000,30,150000,4950,29846,150000,0,148500
S1,CFG16,3.31702740735777e-05,3.350532734704818e-05,3.31702740735777e-05,3.350532734704818e-05,3.31702740735777e-05,3.350532734704818e-05,5000,30,150000,4950,29846,150000,0,148500
S2,CFG00,0.4632677757987751,0.4632677757987751,0.0,0.0,3.315430011272462e-05,3.315430011272462e-05,5000,30,150000,5000,30162,150000,0,99592
S2,CFG01,0.0020894090478626214,0.0020894090478626214,3.4699729757572955e-05,3.4699729757572955e-05,3.315430011272462e-05,3.315430011272462e-05,5000,30,150000,5000,30162,150000,0,150000
S2,CFG02,0.0010603506523988154,0.0010603506523988154,3.082123882594403e-05,3.082123882594403e-05,3.315430011272462e-05,3.315430011272462e-05,5000,30,150000,5000,30162,150000,0,150000
S2,CFG03,0.0010603506523988154,0.0010603506523988154,3.539440934447e-05,3.539440934447e-05,3.315430011272462e-05,3.315430011272462e-05,5000,30,150000,5000,30162,150000,0,150000
S2,CFG04,0.0006668054064160867,0.0006668054064160867,3.386309671397214e-05,3.386309671397214e-05,3.315430011272462e-05,3.315430011272462e-05,5000,30,150000,5000,30162,150000,0,150000
S2,CFG05,0.0010603506523988154,0.0010603506523988154,3.396384071860585e-05,3.396384071860585e-05,3.315430011272462e-05,3.315430011272462e-05,5000,30,150000,5000,30162,150000,0,150000
S2,CFG06,0.0010603506523988154,0.0010603506523988154,2.923810047974818e-05,2.923810047974818e-05,3.315430011272462e-05,3.315430011272462e-05,5000,30,150000,5000,30162,150000,0,150000
S2,CFG07,0.00019778675951446654,0.00019778675951446654,3.4579810962101795e-05,3.4579810962101795e-05,3.315430011272462e-05,3.315430011272462e-05,5000,30,150000,5000,30162,150000,0,150000
S2,CFG08,3.315430011272462e-05,3.315430011272462e-05,3.315430011272462e-05,3.315430011272462e-05,3.315430011272462e-05,3.315430011272462e-05,5000,30,150000,5000,30162,150000,0,150000
S2,CFG09,0.00019778675951446654,0.00019778675951446654,3.30800776411718e-05,3.30800776411718e-05,3.315430011272462e-05,3.315430011272462e-05,5000,30,150000,5000,30162,150000,0,150000
S2,CFG10,3.315430011272462e-05,3.315430011272462e-05,3.315430011272462e-05,3.315430011272462e-05,3.315430011272462e-05,3.315430011272462e-05,5000,30,150000,5000,30162,150000,0,150000
S2,CFG11,0.012698506379128317,0.013241403940696889,5.9481478391084595e-05,6.20244821596294e-05,3.316732378778446e-05,3.458532198934772e-05,5000,30,150000,4795,28914,144575,5425,137828
S2,CFG12,0.006811497703160187,0.007160952169007766,3.8245041630108375e-05,4.020715057833092e-05,3.316828230699491e-05,3.486993514192063e-05,5000,30,150000,4756,28678,143412,6588,136709
S2,CFG13,0.0059189634866738386,0.00617459157800317,3.1123391600602775e-05,3.24675480915948e-05,3.319252077562327e-05,3.462603878116344e-05,5000,30,150000,4793,28880,143790,6210,143790
S2,CFG14,0.004804522439729898,0.005041471605173029,3.212964249648214e-05,3.371421038455629e-05,3.325191905094208e-05,3.4891835310537335e-05,5000,30,150000,4765,28660,142950,7050,142950
S2,CFG15,0.00016267387965840905,0.00016431705016000913,3.307644302295966e-05,3.341054850804006e-05,3.31702740735777e-05,3.350532734704818e-05,5000,30,150000,4950,29846,148500,1500,148500
S2,CFG16,0.00016267387965840905,0.00016431705016000913,3.236364425266817e-05,3.2690549750169867e-05,3.31702740735777e-05,3.350532734704818e-05,5000,30,150000,4950,29846,148500,1500,148500
S3,CFG00,0.1362571949268093,0.1362571949268093,2.977986510505779e-05,2.977986510505779e-05,3.315430011272462e-05,3.315430011272462e-05,5000,30,150000,5000,30162,150000,0,150000
S3,CFG01,0.00013293291676940794,0.00013293291676940794,3.351418878699529e-05,3.351418878699529e-05,3.315430011272462e-05,3.315430011272462e-05,5000,30,150000,5000,30162,150000,0,150000
S3,CFG02,6.594097347694961e-05,6.594097347694961e-05,3.269096931356767e-05,3.269096931356767e-05,3.315430011272462e-05,3.315430011272462e-05,5000,30,150000,5000,30162,150000,0,150000
S3,CFG03,6.594097347694961e-05,6.594097347694961e-05,3.353412538581509e-05,3.353412538581509e-05,3.315430011272462e-05,3.315430011272462e-05,5000,30,150000,5000,30162,150000,0,150000
S3,CFG04,0.0006668054064160867,0.0006668054064160867,3.386309671397214e-05,3.386309671397214e-05,3.315430011272462e-05,3.315430011272462e-05,5000,30,150000,5000,30162,150000,0,150000
S3,CFG05,6.594097347694961e-05,6.594097347694961e-05,3.330432074774741e-05,3.330432074774741e-05,3.315430011272462e-05,3.315430011272462e-05,5000,30,150000,5000,30162,150000,0,150000
S3,CFG06,6.594097347694961e-05,6.594097347694961e-05,3.31947345156803e-05,3.31947345156803e-05,3.315430011272462e-05,3.315430011272462e-05,5000,30,150000,5000,30162,150000,0,150000
S3,CFG07,6.594097347694961e-05,6.594097347694961e-05,3.3940603889020086e-05,3.3940603889020086e-05,3.315430011272462e-05,3.315430011272462e-05,5000,30,150000,5000,30162,150000,0,150000
S3,CFG08,3.315430011272462e-05,3.315430011272462e-05,3.315430011272462e-05,3.315430011272462e-05,3.315430011272462e-05,3.315430011272462e-05,5000,30,150000,5000,30162,150000,0,150000
S3,CFG09,6.594097347694961e-05,6.594097347694961e-05,3.4180212037531035e-05,3.4180212037531035e-05,3.315430011272462e-05,3.315430011272462e-05,5000,30,150000,5000,30162,150000,0,150000
S3,CFG10,3.315430011272462e-05,3.315430011272462e-05,3.315430011272462e-05,3.315430011272462e-05,3.315430011272462e-05,3.315430011272462e-05,5000,30,150000,5000,30162,150000,0,150000
S3,CFG11,0.0014107575266085633,0.0014710714563175842,3.5975952919909295e-05,3.751402807081261e-05,3.316732378778446e-05,3.458532198934772e-05,5000,30,150000,4795,28914,149670,330,143850
S3,CFG12,0.0021188737086869406,0.0022275795928163797,3.259291582026583e-05,3.426505027361841e-05,3.316828230699491e-05,3.486993514192063e-05,5000,30,150000,4756,28678,149100,900,142680
S3,CFG13,0.00029708189139044874,0.00030991225890929344,3.2433494872779866e-05,3.383423208093038e-05,3.319252077562327e-05,3.462603878116344e-05,5000,30,150000,4793,28880,148650,1350,143790
S3,CFG14,0.000405958340360542,0.00042597937078755723,3.54242124009804e-05,3.7171261700923824e-05,3.325191905094208e-05,3.4891835310537335e-05,5000,30,150000,4765,28660,149880,120,142950
S3,CFG15,3.31702740735777e-05,3.350532734704818e-05,3.31702740735777e-05,3.350532734704818e-05,3.31702740735777e-05,3.350532734704818e-05,5000,30,150000,4950,29846,150000,0,148500
S3,CFG16,3.31702740735777e-05,3.350532734704818e-05,3.31702740735777e-05,3.350532734704818e-05,3.31702740735777e-05,3.350532734704818e-05,5000,30,150000,4950,29846,150000,0,148500
S4,CFG00,0.028136593024970142,0.028136593024970142,2.4999332785230073e-05,2.4999332785230073e-05,3.315430011272462e-05,3.315430011272462e-05,5000,30,150000,5000,30162,150000,0,150000
S4,CFG01,0.00013293291676940794,0.00013293291676940794,3.351418878699529e-05,3.351418878699529e-05,3.315430011272462e-05,3.315430011272462e-05,5000,30,150000,5000,30162,150000,0,150000
S4,CFG02,6.594097347694961e-05,6.594097347694961e-05,3.269096931356767e-05,3.269096931356767e-05,3.315430011272462e-05,3.315430011272462e-05,5000,30,150000,5000,30162,150000,0,150000
S4,CFG03,6.594097347694961e-05,6.594097347694961e-05,3.353412538581509e-05,3.353412538581509e-05,3.315430011272462e-05,3.315430011272462e-05,5000,30,150000,5000,30162,150000,0,150000
S4,CFG04,0.0006668054064160867,0.0006668054064160867,3.386309671397214e-05,3.386309671397214e-05,3.315430011272462e-05,3.315430011272462e-05,5000,30,150000,5000,30162,150000,0,150000
S4,CFG05,6.594097347694961e-05,6.594097347694961e-05,3.330432074774741e-05,3.330432074774741e-05,3.315430011272462e-05,3.315430011272462e-05,5000,30,150000,5000,30162,150000,0,150000
S4,CFG06,6.594097347694961e-05,6.594097347694961e-05,3.31947345156803e-05,3.31947345156803e-05,3.315430011272462e-05,3.315430011272462e-05,5000,30,150000,5000,30162,150000,0,150000
S4,CFG07,6.594097347694961e-05,6.594097347694961e-05,3.3940603889020086e-05,3.3940603889020086e-05,3.315430011272462e-05,3.315430011272462e-05,5000,30,150000,5000,30162,150000,0,150000
S4,CFG08,3.315430011272462e-05,3.315430011272462e-05,3.315430011272462e-05,3.315430011272462e-05,3.315430011272462e-05,3.315430011272462e-05,5000,30,150000,5000,30162,150000,0,150000
S4,CFG09,6.594097347694961e-05,6.594097347694961e-05,3.4180212037531035e-05,3.4180212037531035e-05,3.315430011272462e-05,3.315430011272462e-05,5000,30,150000,5000,30162,150000,0,150000
S4,CFG10,3.315430011272462e-05,3.315430011272462e-05,3.315430011272462e-05,3.315430011272462e-05,3.315430011272462e-05,3.315430011272462e-05,5000,30,150000,5000,30162,150000,0,150000
S4,CFG11,0.000941397446244305,0.0009816448865946873,3.331973680510209e-05,3.474425110021073e-05,3.316732378778446e-05,3.458532198934772e-05,5000,30,150000,4795,28914,149781,219,143850
S4,CFG12,0.001415934209377355,0.0014885767550224507,3.220783786484848e-05,3.386021642645971e-05,3.316828230699491e-05,3.486993514192063e-05,5000,30,150000,4756,28678,149513,487,142680
S4,CFG13,0.00029708189139044874,0.00030991225890929344,3.2433494872779866e-05,3.383423208093038e-05,3.319252077562327e-05,3.462603878116344e-05,5000,30,150000,4793,28880,148650,1350,143790
S4,CFG14,0.000405958340360542,0.00042597937078755723,3.54242124009804e-05,3.7171261700923824e-05,3.325191905094208e-05,3.4891835310537335e-05,5000,30,150000,4765,28660,149880,120,142950
S4,CFG15,3.31702740735777e-05,3.350532734704818e-05,3.31702740735777e-05,3.350532734704818e-05,3.31702740735777e-05,3.350532734704818e-05,5000,30,150000,4950,29846,150000,0,148500
S4,CFG16,3.31702740735777e-05,3.350532734704818e-05,3.31702740735777e-05,3.350532734704818e-05,3.31702740735777e-05,3.350532734704818e-05,5000,30,150000,4950,29846,150000,0,148500
