scenario,kind,comparison_id,point_estimate,direction,endpoint_sign_classification,stability95_low,stability95_high
BASE,R_all,CFG00,0.07265909759688484,risk_probability,strictly_positive,0.06632163341095677,0.07965438011931464
BASE,R_all,CFG01,0.00013293291676940794,risk_probability,strictly_positive,0.00012672503287159025,0.0001392616887258106
BASE,R_all,CFG02,6.594097347694961e-05,risk_probability,strictly_positive,6.422453711505309e-05,6.760787543270626e-05
BASE,R_all,CFG03,6.594097347694961e-05,risk_probability,strictly_positive,6.422453711505309e-05,6.760787543270626e-05
BASE,R_all,CFG04,0.0006668054064160867,risk_probability,strictly_positive,0.0006146270927039464,0.0007222915192154475
BASE,R_all,CFG05,6.594097347694961e-05,risk_probability,strictly_positive,6.422453711505309e-05,6.760787543270626e-05
BASE,R_all,CFG06,6.594097347694961e-05,risk_probability,strictly_positive,6.422453711505309e-05,6.760787543270626e-05
BASE,R_all,CFG07,6.594097347694961e-05,risk_probability,strictly_positive,6.422453711505309e-05,6.760787543270626e-05
BASE,R_all,CFG08,3.315430011272462e-05,risk_probability,strictly_positive,3.315430011272462e-05,3.315430011272462e-05
BASE,R_all,CFG09,6.594097347694961e-05,risk_probability,strictly_positive,6.422453711505309e-05,6.760787543270626e-05
BASE,R_all,CFG10,3.315430011272462e-05,risk_probability,strictly_positive,3.315430011272462e-05,3.315430011272462e-05
BASE,R_all,CFG11,0.001340478551860081,risk_probability,strictly_positive,0.0011541571223693933,0.0015594148181314097
BASE,R_all,CFG12,0.002003741772432106,risk_probability,strictly_positive,0.0018093568803735768,0.0022008776837929376
BASE,R_all,CFG13,0.00029708189139044874,risk_probability,strictly_positive,0.0002791661610482039,0.0003171906997394086
BASE,R_all,CFG14,0.000405958340360542,risk_probability,strictly_positive,0.0003683342077356456,0.00044729728581161226
BASE,R_all,CFG15,3.31702740735777e-05,risk_probability,strictly_positive,3.307445380826683e-05,3.3261856352514554e-05
BASE,R_all,CFG16,3.31702740735777e-05,risk_probability,strictly_positive,3.307445380826683e-05,3.3261856352514554e-05
BASE,difference_vs_raw,CFG01,-0.07252616468011543,R_all_CFG_minus_R_all_CFG00,strictly_negative,-0.07951603539005772,-0.06619010696462076
BASE,difference_vs_raw,CFG02,-0.07259315662340789,R_all_CFG_minus_R_all_CFG00,strictly_negative,-0.07958764889194846,-0.06625689903304299
BASE,difference_vs_raw,CFG03,-0.07259315662340789,R_all_CFG_minus_R_all_CFG00,strictly_negative,-0.07958764889194846,-0.06625689903304299
BASE,difference_vs_raw,CFG04,-0.07199229219046875,R_all_CFG_minus_R_all_CFG00,strictly_negative,-0.07893993201915699,-0.06569161419773384
BASE,difference_vs_raw,CFG05,-0.07259315662340789,R_all_CFG_minus_R_all_CFG00,strictly_negative,-0.07958764889194846,-0.06625689903304299
BASE,difference_vs_raw,CFG06,-0.07259315662340789,R_all_CFG_minus_R_all_CFG00,strictly_negative,-0.07958764889194846,-0.06625689903304299
BASE,difference_vs_raw,CFG07,-0.07259315662340789,R_all_CFG_minus_R_all_CFG00,strictly_negative,-0.07958764889194846,-0.06625689903304299
BASE,difference_vs_raw,CFG08,-0.07262594329677212,R_all_CFG_minus_R_all_CFG00,strictly_negative,-0.07962122581920192,-0.06628847911084405
BASE,difference_vs_raw,CFG09,-0.07259315662340789,R_all_CFG_minus_R_all_CFG00,strictly_negative,-0.07958764889194846,-0.06625689903304299
BASE,difference_vs_raw,CFG10,-0.07262594329677212,R_all_CFG_minus_R_all_CFG00,strictly_negative,-0.07962122581920192,-0.06628847911084405
BASE,difference_vs_raw,CFG11,-0.07131861904502476,R_all_CFG_minus_R_all_CFG00,strictly_negative,-0.07817612654748404,-0.06505691658639871
BASE,difference_vs_raw,CFG12,-0.07065535582445273,R_all_CFG_minus_R_all_CFG00,strictly_negative,-0.07756924891643407,-0.0644411891977631
BASE,difference_vs_raw,CFG13,-0.07236201570549439,R_all_CFG_minus_R_all_CFG00,strictly_negative,-0.07934834480854187,-0.0660311124428447
BASE,difference_vs_raw,CFG14,-0.0722531392565243,R_all_CFG_minus_R_all_CFG00,strictly_negative,-0.07921248080648308,-0.06595321276238816
BASE,difference_vs_raw,CFG15,-0.07262592732281126,R_all_CFG_minus_R_all_CFG00,strictly_negative,-0.0796212581974117,-0.06628845042365572
BASE,difference_vs_raw,CFG16,-0.07262592732281126,R_all_CFG_minus_R_all_CFG00,strictly_negative,-0.0796212581974117,-0.06628845042365572
BASE,suppression_differences,CFG11_minus_CFG02,0.0012745375783831314,R_all_smax_0.05_minus_R_all_smax_0,strictly_positive,0.0010880904205836429,0.001493280354140487
BASE,suppression_differences,CFG12_minus_CFG03,0.0019378007989551563,R_all_smax_0.05_minus_R_all_smax_0,strictly_positive,0.0017439460179098356,0.0021337605326607087
BASE,suppression_differences,CFG13_minus_CFG05,0.00023114091791349913,R_all_smax_0.05_minus_R_all_smax_0,strictly_positive,0.0002140799554407179,0.0002502629262266745
BASE,suppression_differences,CFG14_minus_CFG06,0.0003400173668835924,R_all_smax_0.05_minus_R_all_smax_0,strictly_positive,0.0003025730120993698,0.00038096159791792294
BASE,suppression_differences,CFG15_minus_CFG08,1.5973960853081525e-08,R_all_smax_0.05_minus_R_all_smax_0,contains_zero,-7.984630445778478e-08,1.0755623978993764e-07
BASE,suppression_differences,CFG16_minus_CFG10,1.5973960853081525e-08,R_all_smax_0.05_minus_R_all_smax_0,contains_zero,-7.984630445778478e-08,1.0755623978993764e-07
S1,R_all,CFG00,0.0020898338342786324,risk_probability,strictly_positive,0.0018096198052667775,0.0024659331108277424
S1,R_all,CFG01,6.594097347694961e-05,risk_probability,strictly_positive,6.422453711505309e-05,6.760787543270626e-05
S1,R_all,CFG02,6.594097347694961e-05,risk_probability,strictly_positive,6.422453711505309e-05,6.760787543270626e-05
S1,R_all,CFG03,6.594097347694961e-05,risk_probability,strictly_positive,6.422453711505309e-05,6.760787543270626e-05
S1,R_all,CFG04,6.594097347694961e-05,risk_probability,strictly_positive,6.422453711505309e-05,6.760787543270626e-05
S1,R_all,CFG05,6.594097347694961e-05,risk_probability,strictly_positive,6.422453711505309e-05,6.760787543270626e-05
S1,R_all,CFG06,6.594097347694961e-05,risk_probability,strictly_positive,6.422453711505309e-05,6.760787543270626e-05
S1,R_all,CFG07,6.594097347694961e-05,risk_probability,strictly_positive,6.422453711505309e-05,6.760787543270626e-05
S1,R_all,CFG08,3.315430011272462e-05,risk_probability,strictly_positive,3.315430011272462e-05,3.315430011272462e-05
S1,R_all,CFG09,6.594097347694961e-05,risk_probability,strictly_positive,6.422453711505309e-05,6.760787543270626e-05
S1,R_all,CFG10,3.315430011272462e-05,risk_probability,strictly_positive,3.315430011272462e-05,3.315430011272462e-05
S1,R_all,CFG11,0.00030987602902845157,risk_probability,strictly_positive,0.00024869166552160684,0.000394355994554172
S1,R_all,CFG12,0.00026887131162099524,risk_probability,strictly_positive,0.0002373591953243308,0.00031215200045332743
S1,R_all,CFG13,6.594595891014418e-05,risk_probability,strictly_positive,6.414661096972774e-05,6.771386916685174e-05
S1,R_all,CFG14,6.609583107846273e-05,risk_probability,strictly_positive,6.411791358426544e-05,6.796469508032004e-05
S1,R_all,CFG15,3.31702740735777e-05,risk_probability,strictly_positive,3.307445380826683e-05,3.3261856352514554e-05
S1,R_all,CFG16,3.31702740735777e-05,risk_probability,strictly_positive,3.307445380826683e-05,3.3261856352514554e-05
S1,difference_vs_raw,CFG01,-0.0020238928608016828,R_all_CFG_minus_R_all_CFG00,strictly_negative,-0.002400127419423267,-0.0017427927324456102
S1,difference_vs_raw,CFG02,-0.0020238928608016828,R_all_CFG_minus_R_all_CFG00,strictly_negative,-0.002400127419423267,-0.0017427927324456102
S1,difference_vs_raw,CFG03,-0.0020238928608016828,R_all_CFG_minus_R_all_CFG00,strictly_negative,-0.002400127419423267,-0.0017427927324456102
S1,difference_vs_raw,CFG04,-0.0020238928608016828,R_all_CFG_minus_R_all_CFG00,strictly_negative,-0.002400127419423267,-0.0017427927324456102
S1,difference_vs_raw,CFG05,-0.0020238928608016828,R_all_CFG_minus_R_all_CFG00,strictly_negative,-0.002400127419423267,-0.0017427927324456102
S1,difference_vs_raw,CFG06,-0.0020238928608016828,R_all_CFG_minus_R_all_CFG00,strictly_negative,-0.002400127419423267,-0.0017427927324456102
S1,difference_vs_raw,CFG07,-0.0020238928608016828,R_all_CFG_minus_R_all_CFG00,strictly_negative,-0.002400127419423267,-0.0017427927324456102
S1,difference_vs_raw,CFG08,-0.0020566795341659077,R_all_CFG_minus_R_all_CFG00,strictly_negative,-0.0024327788107150177,-0.0017764655051540528
S1,difference_vs_raw,CFG09,-0.0020238928608016828,R_all_CFG_minus_R_all_CFG00,strictly_negative,-0.002400127419423267,-0.0017427927324456102
S1,difference_vs_raw,CFG10,-0.0020566795341659077,R_all_CFG_minus_R_all_CFG00,strictly_negative,-0.0024327788107150177,-0.0017764655051540528
S1,difference_vs_raw,CFG11,-0.0017799578052501808,R_all_CFG_minus_R_all_CFG00,strictly_negative,-0.0021198016600558083,-0.0015206829375832272
S1,difference_vs_raw,CFG12,-0.0018209625226576372,R_all_CFG_minus_R_all_CFG00,strictly_negative,-0.002193688333811474,-0.001547612142763773
S1,difference_vs_raw,CFG13,-0.0020238878753684885,R_all_CFG_minus_R_all_CFG00,strictly_negative,-0.0023998996103266335,-0.001742944411047073
S1,difference_vs_raw,CFG14,-0.00202373800320017,R_all_CFG_minus_R_all_CFG00,strictly_negative,-0.0023999806206147557,-0.0017426959837653563
S1,difference_vs_raw,CFG15,-0.002056663560205055,R_all_CFG_minus_R_all_CFG00,strictly_negative,-0.002432737815339517,-0.0017765040504262785
S1,difference_vs_raw,CFG16,-0.002056663560205055,R_all_CFG_minus_R_all_CFG00,strictly_negative,-0.002432737815339517,-0.0017765040504262785
S1,suppression_differences,CFG11_minus_CFG02,0.00024393505555150196,R_all_smax_0.05_minus_R_all_smax_0,strictly_positive,0.00018292909964686636,0.00032848337778543213
S1,suppression_differences,CFG12_minus_CFG03,0.00020293033814404562,R_all_smax_0.05_minus_R_all_smax_0,strictly_positive,0.00017201052201854777,0.0002453144145574625
S1,suppression_differences,CFG13_minus_CFG05,4.9854331945668e-09,R_all_smax_0.05_minus_R_all_smax_0,contains_zero,-5.193127055239287e-07,4.889598502549349e-07
S1,suppression_differences,CFG14_minus_CFG06,1.5485760151311883e-07,R_all_smax_0.05_minus_R_all_smax_0,contains_zero,-4.4308840967330176e-07,7.001294083694862e-07
S1,suppression_differences,CFG15_minus_CFG08,1.5973960853081525e-08,R_all_smax_0.05_minus_R_all_smax_0,contains_zero,-7.984630445778478e-08,1.0755623978993764e-07
S1,suppression_differences,CFG16_minus_CFG10,1.5973960853081525e-08,R_all_smax_0.05_minus_R_all_smax_0,contains_zero,-7.984630445778478e-08,1.0755623978993764e-07
S2,R_all,CFG00,0.4632677757987751,risk_probability,strictly_positive,0.44467707549970076,0.4834895057063418
S2,R_all,CFG01,0.0020894090478626214,risk_probability,strictly_positive,0.0018262128228778425,0.002391223577014624
S2,R_all,CFG02,0.0010603506523988154,risk_probability,strictly_positive,0.0009512761312061279,0.001175829156016299
S2,R_all,CFG03,0.0010603506523988154,risk_probability,strictly_positive,0.0009512761312061279,0.001175829156016299
S2,R_all,CFG04,0.0006668054064160867,risk_probability,strictly_positive,0.0006146270927039464,0.0007222915192154475
S2,R_all,CFG05,0.0010603506523988154,risk_probability,strictly_positive,0.0009512761312061279,0.001175829156016299
S2,R_all,CFG06,0.0010603506523988154,risk_probability,strictly_positive,0.0009512761312061279,0.001175829156016299
S2,R_all,CFG07,0.00019778675951446654,risk_probability,strictly_positive,0.00019243427038910228,0.00020318477022953084
S2,R_all,CFG08,3.315430011272462e-05,risk_probability,strictly_positive,3.315430011272462e-05,3.315430011272462e-05
S2,R_all,CFG09,0.00019778675951446654,risk_probability,strictly_positive,0.00019243427038910228,0.00020318477022953084
S2,R_all,CFG10,3.315430011272462e-05,risk_probability,strictly_positive,3.315430011272462e-05,3.315430011272462e-05
S2,R_all,CFG11,0.012698506379128317,risk_probability,strictly_positive,0.01184438387669528,0.013637433665682324
S2,R_all,CFG12,0.006811497703160187,risk_probability,strictly_positive,0.00636430112341525,0.007309138612703876
S2,R_all,CFG13,0.0059189634866738386,risk_probability,strictly_positive,0.0054394376745495335,0.006419509464074444
S2,R_all,CFG14,0.004804522439729898,risk_probability,strictly_positive,0.004457951814860366,0.005170726969012933
S2,R_all,CFG15,0.00016267387965840905,risk_probability,strictly_positive,0.00014393349074402534,0.00018307797289041268
S2,R_all,CFG16,0.00016267387965840905,risk_probability,strictly_positive,0.00014393349074402534,0.00018307797289041268
S2,difference_vs_raw,CFG01,-0.46117836675091245,R_all_CFG_minus_R_all_CFG00,strictly_negative,-0.4813021676260615,-0.4426264064364256
S2,difference_vs_raw,CFG02,-0.4622074251463763,R_all_CFG_minus_R_all_CFG00,strictly_negative,-0.4824053826756119,-0.443636770278148
S2,difference_vs_raw,CFG03,-0.4622074251463763,R_all_CFG_minus_R_all_CFG00,strictly_negative,-0.4824053826756119,-0.443636770278148
S2,difference_vs_raw,CFG04,-0.46260097039235903,R_all_CFG_minus_R_all_CFG00,strictly_negative,-0.4827951818704017,-0.4440457813391472
S2,difference_vs_raw,CFG05,-0.4622074251463763,R_all_CFG_minus_R_all_CFG00,strictly_negative,-0.4824053826756119,-0.443636770278148
S2,difference_vs_raw,CFG06,-0.4622074251463763,R_all_CFG_minus_R_all_CFG00,strictly_negative,-0.4824053826756119,-0.443636770278148
S2,difference_vs_raw,CFG07,-0.4630699890392606,R_all_CFG_minus_R_all_CFG00,strictly_negative,-0.483295979842364,-0.44448466637731965
S2,difference_vs_raw,CFG08,-0.46323462149866235,R_all_CFG_minus_R_all_CFG00,strictly_negative,-0.48345635140622906,-0.444643921199588
S2,difference_vs_raw,CFG09,-0.4630699890392606,R_all_CFG_minus_R_all_CFG00,strictly_negative,-0.483295979842364,-0.44448466637731965
S2,difference_vs_raw,CFG10,-0.46323462149866235,R_all_CFG_minus_R_all_CFG00,strictly_negative,-0.48345635140622906,-0.444643921199588
S2,difference_vs_raw,CFG11,-0.45056926941964676,R_all_CFG_minus_R_all_CFG00,strictly_negative,-0.4702603353476172,-0.4322583659239898
S2,difference_vs_raw,CFG12,-0.4564562780956149,R_all_CFG_minus_R_all_CFG00,strictly_negative,-0.4763748538894602,-0.4381126501810686
S2,difference_vs_raw,CFG13,-0.4573488123121013,R_all_CFG_minus_R_all_CFG00,strictly_negative,-0.4774627777933786,-0.4387718206397734
S2,difference_vs_raw,CFG14,-0.4584632533590452,R_all_CFG_minus_R_all_CFG00,strictly_negative,-0.47858321889676997,-0.4400506380292561
S2,difference_vs_raw,CFG15,-0.4631051019191167,R_all_CFG_minus_R_all_CFG00,strictly_negative,-0.48333045296826266,-0.44450782012069934
S2,difference_vs_raw,CFG16,-0.4631051019191167,R_all_CFG_minus_R_all_CFG00,strictly_negative,-0.48333045296826266,-0.44450782012069934
S2,suppression_differences,CFG11_minus_CFG02,0.011638155726729502,R_all_smax_0.05_minus_R_all_smax_0,strictly_positive,0.010801673747674857,0.012517058916582299
S2,suppression_differences,CFG12_minus_CFG03,0.0057511470507613715,R_all_smax_0.05_minus_R_all_smax_0,strictly_positive,0.005323769394168308,0.006215935666641986
S2,suppression_differences,CFG13_minus_CFG05,0.004858612834275023,R_all_smax_0.05_minus_R_all_smax_0,strictly_positive,0.004371788864637692,0.005337768454452109
S2,suppression_differences,CFG14_minus_CFG06,0.0037441717873310824,R_all_smax_0.05_minus_R_all_smax_0,strictly_positive,0.0034160341295804086,0.00409932838970413
S2,suppression_differences,CFG15_minus_CFG08,0.00012951957954568442,R_all_smax_0.05_minus_R_all_smax_0,strictly_positive,0.00011077919063130073,0.00014992367277768805
S2,suppression_differences,CFG16_minus_CFG10,0.00012951957954568442,R_all_smax_0.05_minus_R_all_smax_0,strictly_positive,0.00011077919063130073,0.00014992367277768805
S3,R_all,CFG00,0.1362571949268093,risk_probability,strictly_positive,0.1258114011360054,0.14753841935853076
S3,R_all,CFG01,0.00013293291676940794,risk_probability,strictly_positive,0.00012672503287159025,0.0001392616887258106
S3,R_all,CFG02,6.594097347694961e-05,risk_probability,strictly_positive,6.422453711505309e-05,6.760787543270626e-05
S3,R_all,CFG03,6.594097347694961e-05,risk_probability,strictly_positive,6.422453711505309e-05,6.760787543270626e-05
S3,R_all,CFG04,0.0006668054064160867,risk_probability,strictly_positive,0.0006146270927039464,0.0007222915192154475
S3,R_all,CFG05,6.594097347694961e-05,risk_probability,strictly_positive,6.422453711505309e-05,6.760787543270626e-05
S3,R_all,CFG06,6.594097347694961e-05,risk_probability,strictly_positive,6.422453711505309e-05,6.760787543270626e-05
S3,R_all,CFG07,6.594097347694961e-05,risk_probability,strictly_positive,6.422453711505309e-05,6.760787543270626e-05
S3,R_all,CFG08,3.315430011272462e-05,risk_probability,strictly_positive,3.315430011272462e-05,3.315430011272462e-05
S3,R_all,CFG09,6.594097347694961e-05,risk_probability,strictly_positive,6.422453711505309e-05,6.760787543270626e-05
S3,R_all,CFG10,3.315430011272462e-05,risk_probability,strictly_positive,3.315430011272462e-05,3.315430011272462e-05
S3,R_all,CFG11,0.0014107575266085633,risk_probability,strictly_positive,0.0012176146830639512,0.0016371732272914838
S3,R_all,CFG12,0.0021188737086869406,risk_probability,strictly_positive,0.0019064193273297199,0.002337396246892067
S3,R_all,CFG13,0.00029708189139044874,risk_probability,strictly_positive,0.0002791661610482039,0.0003171906997394086
S3,R_all,CFG14,0.000405958340360542,risk_probability,strictly_positive,0.0003683342077356456,0.00044729728581161226
S3,R_all,CFG15,3.31702740735777e-05,risk_probability,strictly_positive,3.307445380826683e-05,3.3261856352514554e-05
S3,R_all,CFG16,3.31702740735777e-05,risk_probability,strictly_positive,3.307445380826683e-05,3.3261856352514554e-05
S3,difference_vs_raw,CFG01,-0.13612426201003988,R_all_CFG_minus_R_all_CFG00,strictly_negative,-0.1474036215979928,-0.1256813804452208
S3,difference_vs_raw,CFG02,-0.13619125395333234,R_all_CFG_minus_R_all_CFG00,strictly_negative,-0.14747150387033325,-0.12574527671538482
S3,difference_vs_raw,CFG03,-0.13619125395333234,R_all_CFG_minus_R_all_CFG00,strictly_negative,-0.14747150387033325,-0.12574527671538482
S3,difference_vs_raw,CFG04,-0.1355903895203932,R_all_CFG_minus_R_all_CFG00,strictly_negative,-0.14686284969617686,-0.12515656765190306
S3,difference_vs_raw,CFG05,-0.13619125395333234,R_all_CFG_minus_R_all_CFG00,strictly_negative,-0.14747150387033325,-0.12574527671538482
S3,difference_vs_raw,CFG06,-0.13619125395333234,R_all_CFG_minus_R_all_CFG00,strictly_negative,-0.14747150387033325,-0.12574527671538482
S3,difference_vs_raw,CFG07,-0.13619125395333234,R_all_CFG_minus_R_all_CFG00,strictly_negative,-0.14747150387033325,-0.12574527671538482
S3,difference_vs_raw,CFG08,-0.13622404062669657,R_all_CFG_minus_R_all_CFG00,strictly_negative,-0.14750526505841804,-0.12577824683589267
S3,difference_vs_raw,CFG09,-0.13619125395333234,R_all_CFG_minus_R_all_CFG00,strictly_negative,-0.14747150387033325,-0.12574527671538482
S3,difference_vs_raw,CFG10,-0.13622404062669657,R_all_CFG_minus_R_all_CFG00,strictly_negative,-0.14750526505841804,-0.12577824683589267
S3,difference_vs_raw,CFG11,-0.13484643740020072,R_all_CFG_minus_R_all_CFG00,strictly_negative,-0.14605127639778298,-0.12447743626965695
S3,difference_vs_raw,CFG12,-0.13413832121812236,R_all_CFG_minus_R_all_CFG00,strictly_negative,-0.1453319774961743,-0.12378004435563363
S3,difference_vs_raw,CFG13,-0.13596011303541886,R_all_CFG_minus_R_all_CFG00,strictly_negative,-0.14724167322501805,-0.12550904146298336
S3,difference_vs_raw,CFG14,-0.13585123658644876,R_all_CFG_minus_R_all_CFG00,strictly_negative,-0.14713719395092872,-0.12542677964834417
S3,difference_vs_raw,CFG15,-0.13622402465273573,R_all_CFG_minus_R_all_CFG00,strictly_negative,-0.14750513631305678,-0.12577822172371092
S3,difference_vs_raw,CFG16,-0.13622402465273573,R_all_CFG_minus_R_all_CFG00,strictly_negative,-0.14750513631305678,-0.12577822172371092
S3,suppression_differences,CFG11_minus_CFG02,0.0013448165531316136,R_all_smax_0.05_minus_R_all_smax_0,strictly_positive,0.0011516164381962385,0.001570901041514278
S3,suppression_differences,CFG12_minus_CFG03,0.002052932735209991,R_all_smax_0.05_minus_R_all_smax_0,strictly_positive,0.001841062787105385,0.002270914423634249
S3,suppression_differences,CFG13_minus_CFG05,0.00023114091791349913,R_all_smax_0.05_minus_R_all_smax_0,strictly_positive,0.0002140799554407179,0.0002502629262266745
S3,suppression_differences,CFG14_minus_CFG06,0.0003400173668835924,R_all_smax_0.05_minus_R_all_smax_0,strictly_positive,0.0003025730120993698,0.00038096159791792294
S3,suppression_differences,CFG15_minus_CFG08,1.5973960853081525e-08,R_all_smax_0.05_minus_R_all_smax_0,contains_zero,-7.984630445778478e-08,1.0755623978993764e-07
S3,suppression_differences,CFG16_minus_CFG10,1.5973960853081525e-08,R_all_smax_0.05_minus_R_all_smax_0,contains_zero,-7.984630445778478e-08,1.0755623978993764e-07
S4,R_all,CFG00,0.028136593024970142,risk_probability,strictly_positive,0.025109443370596965,0.03138257006233426
S4,R_all,CFG01,0.00013293291676940794,risk_probability,strictly_positive,0.00012672503287159025,0.0001392616887258106
S4,R_all,CFG02,6.594097347694961e-05,risk_probability,strictly_positive,6.422453711505309e-05,6.760787543270626e-05
S4,R_all,CFG03,6.594097347694961e-05,risk_probability,strictly_positive,6.422453711505309e-05,6.760787543270626e-05
S4,R_all,CFG04,0.0006668054064160867,risk_probability,strictly_positive,0.0006146270927039464,0.0007222915192154475
S4,R_all,CFG05,6.594097347694961e-05,risk_probability,strictly_positive,6.422453711505309e-05,6.760787543270626e-05
S4,R_all,CFG06,6.594097347694961e-05,risk_probability,strictly_positive,6.422453711505309e-05,6.760787543270626e-05
S4,R_all,CFG07,6.594097347694961e-05,risk_probability,strictly_positive,6.422453711505309e-05,6.760787543270626e-05
S4,R_all,CFG08,3.315430011272462e-05,risk_probability,strictly_positive,3.315430011272462e-05,3.315430011272462e-05
S4,R_all,CFG09,6.594097347694961e-05,risk_probability,strictly_positive,6.422453711505309e-05,6.760787543270626e-05
S4,R_all,CFG10,3.315430011272462e-05,risk_probability,strictly_positive,3.315430011272462e-05,3.315430011272462e-05
S4,R_all,CFG11,0.000941397446244305,risk_probability,strictly_positive,0.0008196896077784248,0.0010800240396859804
S4,R_all,CFG12,0.001415934209377355,risk_probability,strictly_positive,0.0012959799244574408,0.0015469466850211511
S4,R_all,CFG13,0.00029708189139044874,risk_probability,strictly_positive,0.0002791661610482039,0.0003171906997394086
S4,R_all,CFG14,0.000405958340360542,risk_probability,strictly_positive,0.0003683342077356456,0.00044729728581161226
S4,R_all,CFG15,3.31702740735777e-05,risk_probability,strictly_positive,3.307445380826683e-05,3.3261856352514554e-05
S4,R_all,CFG16,3.31702740735777e-05,risk_probability,strictly_positive,3.307445380826683e-05,3.3261856352514554e-05
S4,difference_vs_raw,CFG01,-0.028003660108200733,R_all_CFG_minus_R_all_CFG00,strictly_negative,-0.031248912557499117,-0.024978933746639502
S4,difference_vs_raw,CFG02,-0.028070652051493193,R_all_CFG_minus_R_all_CFG00,strictly_negative,-0.03131589240713051,-0.025043091357284226
S4,difference_vs_raw,CFG03,-0.028070652051493193,R_all_CFG_minus_R_all_CFG00,strictly_negative,-0.03131589240713051,-0.025043091357284226
S4,difference_vs_raw,CFG04,-0.027469787618554054,R_all_CFG_minus_R_all_CFG00,strictly_negative,-0.03069763685623995,-0.02445534201842131
S4,difference_vs_raw,CFG05,-0.028070652051493193,R_all_CFG_minus_R_all_CFG00,strictly_negative,-0.03131589240713051,-0.025043091357284226
S4,difference_vs_raw,CFG06,-0.028070652051493193,R_all_CFG_minus_R_all_CFG00,strictly_negative,-0.03131589240713051,-0.025043091357284226
S4,difference_vs_raw,CFG07,-0.028070652051493193,R_all_CFG_minus_R_all_CFG00,strictly_negative,-0.03131589240713051,-0.025043091357284226
S4,difference_vs_raw,CFG08,-0.02810343872485742,R_all_CFG_minus_R_all_CFG00,strictly_negative,-0.031349415762221534,-0.02507628907048424
S4,difference_vs_raw,CFG09,-0.028070652051493193,R_all_CFG_minus_R_all_CFG00,strictly_negative,-0.03131589240713051,-0.025043091357284226
S4,difference_vs_raw,CFG10,-0.02810343872485742,R_all_CFG_minus_R_all_CFG00,strictly_negative,-0.031349415762221534,-0.02507628907048424
S4,difference_vs_raw,CFG11,-0.027195195578725836,R_all_CFG_minus_R_all_CFG00,strictly_negative,-0.030385375365814468,-0.024194556863749637
S4,difference_vs_raw,CFG12,-0.026720658815592786,R_all_CFG_minus_R_all_CFG00,strictly_negative,-0.02990539006316382,-0.023746894384567008
S4,difference_vs_raw,CFG13,-0.027839511133579693,R_all_CFG_minus_R_all_CFG00,strictly_negative,-0.03109406489444939,-0.02481647705867279
S4,difference_vs_raw,CFG14,-0.0277306346846096,R_all_CFG_minus_R_all_CFG00,strictly_negative,-0.030958669514968125,-0.02472876219675551
S4,difference_vs_raw,CFG15,-0.028103422750896563,R_all_CFG_minus_R_all_CFG00,strictly_negative,-0.03134938384906951,-0.025076248831250342
S4,difference_vs_raw,CFG16,-0.028103422750896563,R_all_CFG_minus_R_all_CFG00,strictly_negative,-0.03134938384906951,-0.025076248831250342
S4,suppression_differences,CFG11_minus_CFG02,0.0008754564727673554,R_all_smax_0.05_minus_R_all_smax_0,strictly_positive,0.0007546077658108512,0.0010139332010978266
S4,suppression_differences,CFG12_minus_CFG03,0.0013499932359004054,R_all_smax_0.05_minus_R_all_smax_0,strictly_positive,0.0012302632233197827,0.0014801410801211744
S4,suppression_differences,CFG13_minus_CFG05,0.00023114091791349913,R_all_smax_0.05_minus_R_all_smax_0,strictly_positive,0.0002140799554407179,0.0002502629262266745
S4,suppression_differences,CFG14_minus_CFG06,0.0003400173668835924,R_all_smax_0.05_minus_R_all_smax_0,strictly_positive,0.0003025730120993698,0.00038096159791792294
S4,suppression_differences,CFG15_minus_CFG08,1.5973960853081525e-08,R_all_smax_0.05_minus_R_all_smax_0,contains_zero,-7.984630445778478e-08,1.0755623978993764e-07
S4,suppression_differences,CFG16_minus_CFG10,1.5973960853081525e-08,R_all_smax_0.05_minus_R_all_smax_0,contains_zero,-7.984630445778478e-08,1.0755623978993764e-07
