config_id,source_negative_count,source_positive_count,retained_negative_count,retained_positive_count,suppressed_negative_count,suppressed_positive_count
CFG00,22654,7508,22654,7508,0,0
CFG01,22654,7508,22654,7508,0,0
CFG02,22654,7508,22654,7508,0,0
CFG03,22654,7508,22654,7508,0,0
CFG04,22654,7508,22654,7508,0,0
CFG05,22654,7508,22654,7508,0,0
CFG06,22654,7508,22654,7508,0,0
CFG07,22654,7508,22654,7508,0,0
CFG08,22654,7508,22654,7508,0,0
CFG09,22654,7508,22654,7508,0,0
CFG10,22654,7508,22654,7508,0,0
CFG11,22654,7508,21642,7272,1012,236
CFG12,22654,7508,21503,7175,1151,333
CFG13,22654,7508,21479,7401,1175,107
CFG14,22654,7508,21326,7334,1328,174
CFG15,22654,7508,22407,7439,247,69
CFG16,22654,7508,22407,7439,247,69
