config_id,arx_loss,arx_loss_status,G,n_input,n_retained,n_suppressed,S,source_positive_prevalence,retained_positive_prevalence,suppressed_positive_prevalence,suppressed_prevalence_status,prevalence_absolute_error,prevalence_difference_percentage_points,prevalence_difference_retained_minus_source,suppressed_minus_retained_prevalence
CFG00,NA,NA_RAW_REFERENCE,0,30162,30162,0,0,0.24892248524633645,0.24892248524633645,NA,NA_NO_SUPPRESSED_ROWS,0,0,0,NA
CFG01,0.589986827525,PUBLISHED,0.625,30162,30162,0,0,0.24892248524633645,0.24892248524633645,NA,NA_NO_SUPPRESSED_ROWS,0,0,0,NA
CFG02,0.6608417111625,PUBLISHED,0.6875,30162,30162,0,0,0.24892248524633645,0.24892248524633645,NA,NA_NO_SUPPRESSED_ROWS,0,0,0,NA
CFG03,0.6608417111625,PUBLISHED,0.6875,30162,30162,0,0,0.24892248524633645,0.24892248524633645,NA,NA_NO_SUPPRESSED_ROWS,0,0,0,NA
CFG04,0.70287558295,PUBLISHED,0.72916666666666663,30162,30162,0,0,0.24892248524633645,0.24892248524633645,NA,NA_NO_SUPPRESSED_ROWS,0,0,0,NA
CFG05,0.6608417111625,PUBLISHED,0.6875,30162,30162,0,0,0.24892248524633645,0.24892248524633645,NA,NA_NO_SUPPRESSED_ROWS,0,0,0,NA
CFG06,0.6608417111625,PUBLISHED,0.6875,30162,30162,0,0,0.24892248524633645,0.24892248524633645,NA,NA_NO_SUPPRESSED_ROWS,0,0,0,NA
CFG07,0.7858417111625,PUBLISHED,0.8125,30162,30162,0,0,0.24892248524633645,0.24892248524633645,NA,NA_NO_SUPPRESSED_ROWS,0,0,0,NA
CFG08,1.0,PUBLISHED,1,30162,30162,0,0,0.24892248524633645,0.24892248524633645,NA,NA_NO_SUPPRESSED_ROWS,0,0,0,NA
CFG09,0.7858417111625,PUBLISHED,0.8125,30162,30162,0,0,0.24892248524633645,0.24892248524633645,NA,NA_NO_SUPPRESSED_ROWS,0,0,0,NA
CFG10,1.0,PUBLISHED,1,30162,30162,0,0,0.24892248524633645,0.24892248524633645,NA,NA_NO_SUPPRESSED_ROWS,0,0,0,NA
CFG11,0.261756959025,PUBLISHED,0.42708333333333331,30162,28914,1248,0.041376566540680323,0.24892248524633645,0.2515044615065366,0.1891025641025641,DEFINED,0.0025819762602001762,0.25819762602001761,0.0025819762602001762,-0.06240189740397252
CFG12,0.33154433916250003,PUBLISHED,0.44791666666666669,30162,28678,1484,0.049200981367283333,0.24892248524633645,0.25019178464328057,0.22439353099730458,DEFINED,0.0012692993969441136,0.12692993969441135,0.0012692993969441136,-0.025798253645975981
CFG13,0.3588243983375,PUBLISHED,0.45833333333333331,30162,28880,1282,0.04250381274451296,0.24892248524633645,0.2562673130193906,0.083463338533541348,DEFINED,0.0073448277730541319,0.73448277730541323,0.0073448277730541319,-0.17280397448584925
CFG14,0.3877128421375,PUBLISHED,0.4375,30162,28660,1502,0.049797758769312382,0.24892248524633645,0.25589672016748083,0.11584553928095873,DEFINED,0.0069742349211443597,0.69742349211443599,0.0069742349211443597,-0.14005118088652208
CFG15,0.8218377162,PUBLISHED,0.875,30162,29846,316,0.01047675883562098,0.24892248524633645,0.24924613013469141,0.21835443037974683,DEFINED,0.00032364488835496608,0.032364488835496613,0.00032364488835496608,-0.030891699754944581
CFG16,0.8218377162,PUBLISHED,0.875,30162,29846,316,0.01047675883562098,0.24892248524633645,0.24924613013469141,0.21835443037974683,DEFINED,0.00032364488835496608,0.032364488835496613,0.00032364488835496608,-0.030891699754944581
