scenario,config_id,maximum_tie_size,attempt_count,conditional_success,coverage,coverage_denominator_pairs,conditional_success_status
BASE,CFG00,1,9362,0.5509506515701773,0.062413333333333335,150000,DEFINED
BASE,CFG00,2,16456,0.42081915410792414,0.10970666666666666,150000,DEFINED
BASE,CFG00,5,31691,0.27476465452861404,0.21127333333333334,150000,DEFINED
BASE,CFG00,10,50230,0.19366661768563592,0.33486666666666665,150000,DEFINED
BASE,CFG01,1,0,NA,0.0,150000,NA_NO_ATTEMPTS
BASE,CFG01,2,0,NA,0.0,150000,NA_NO_ATTEMPTS
BASE,CFG01,5,0,NA,0.0,150000,NA_NO_ATTEMPTS
BASE,CFG01,10,0,NA,0.0,150000,NA_NO_ATTEMPTS
BASE,CFG02,1,0,NA,0.0,150000,NA_NO_ATTEMPTS
BASE,CFG02,2,0,NA,0.0,150000,NA_NO_ATTEMPTS
BASE,CFG02,5,0,NA,0.0,150000,NA_NO_ATTEMPTS
BASE,CFG02,10,0,NA,0.0,150000,NA_NO_ATTEMPTS
BASE,CFG03,1,0,NA,0.0,150000,NA_NO_ATTEMPTS
BASE,CFG03,2,0,NA,0.0,150000,NA_NO_ATTEMPTS
BASE,CFG03,5,0,NA,0.0,150000,NA_NO_ATTEMPTS
BASE,CFG03,10,0,NA,0.0,150000,NA_NO_ATTEMPTS
BASE,CFG04,1,0,NA,0.0,150000,NA_NO_ATTEMPTS
BASE,CFG04,2,0,NA,0.0,150000,NA_NO_ATTEMPTS
BASE,CFG04,5,0,NA,0.0,150000,NA_NO_ATTEMPTS
BASE,CFG04,10,0,NA,0.0,150000,NA_NO_ATTEMPTS
BASE,CFG05,1,0,NA,0.0,150000,NA_NO_ATTEMPTS
BASE,CFG05,2,0,NA,0.0,150000,NA_NO_ATTEMPTS
BASE,CFG05,5,0,NA,0.0,150000,NA_NO_ATTEMPTS
BASE,CFG05,10,0,NA,0.0,150000,NA_NO_ATTEMPTS
BASE,CFG06,1,0,NA,0.0,150000,NA_NO_ATTEMPTS
BASE,CFG06,2,0,NA,0.0,150000,NA_NO_ATTEMPTS
BASE,CFG06,5,0,NA,0.0,150000,NA_NO_ATTEMPTS
BASE,CFG06,10,0,NA,0.0,150000,NA_NO_ATTEMPTS
BASE,CFG07,1,0,NA,0.0,150000,NA_NO_ATTEMPTS
BASE,CFG07,2,0,NA,0.0,150000,NA_NO_ATTEMPTS
BASE,CFG07,5,0,NA,0.0,150000,NA_NO_ATTEMPTS
BASE,CFG07,10,0,NA,0.0,150000,NA_NO_ATTEMPTS
BASE,CFG08,1,0,NA,0.0,150000,NA_NO_ATTEMPTS
BASE,CFG08,2,0,NA,0.0,150000,NA_NO_ATTEMPTS
BASE,CFG08,5,0,NA,0.0,150000,NA_NO_ATTEMPTS
BASE,CFG08,10,0,NA,0.0,150000,NA_NO_ATTEMPTS
BASE,CFG09,1,0,NA,0.0,150000,NA_NO_ATTEMPTS
BASE,CFG09,2,0,NA,0.0,150000,NA_NO_ATTEMPTS
BASE,CFG09,5,0,NA,0.0,150000,NA_NO_ATTEMPTS
BASE,CFG09,10,0,NA,0.0,150000,NA_NO_ATTEMPTS
BASE,CFG10,1,0,NA,0.0,150000,NA_NO_ATTEMPTS
BASE,CFG10,2,0,NA,0.0,150000,NA_NO_ATTEMPTS
BASE,CFG10,5,0,NA,0.0,150000,NA_NO_ATTEMPTS
BASE,CFG10,10,0,NA,0.0,150000,NA_NO_ATTEMPTS
BASE,CFG11,1,0,NA,0.0,150000,NA_NO_ATTEMPTS
BASE,CFG11,2,0,NA,0.0,150000,NA_NO_ATTEMPTS
BASE,CFG11,5,286,0.04195804195804192,0.0019066666666666668,150000,DEFINED
BASE,CFG11,10,655,0.04580152671755723,0.004366666666666666,150000,DEFINED
BASE,CFG12,1,0,NA,0.0,150000,NA_NO_ATTEMPTS
BASE,CFG12,2,0,NA,0.0,150000,NA_NO_ATTEMPTS
BASE,CFG12,5,0,NA,0.0,150000,NA_NO_ATTEMPTS
BASE,CFG12,10,0,NA,0.0,150000,NA_NO_ATTEMPTS
BASE,CFG13,1,0,NA,0.0,150000,NA_NO_ATTEMPTS
BASE,CFG13,2,0,NA,0.0,150000,NA_NO_ATTEMPTS
BASE,CFG13,5,0,NA,0.0,150000,NA_NO_ATTEMPTS
BASE,CFG13,10,0,NA,0.0,150000,NA_NO_ATTEMPTS
BASE,CFG14,1,0,NA,0.0,150000,NA_NO_ATTEMPTS
BASE,CFG14,2,0,NA,0.0,150000,NA_NO_ATTEMPTS
BASE,CFG14,5,0,NA,0.0,150000,NA_NO_ATTEMPTS
BASE,CFG14,10,0,NA,0.0,150000,NA_NO_ATTEMPTS
BASE,CFG15,1,0,NA,0.0,150000,NA_NO_ATTEMPTS
BASE,CFG15,2,0,NA,0.0,150000,NA_NO_ATTEMPTS
BASE,CFG15,5,0,NA,0.0,150000,NA_NO_ATTEMPTS
BASE,CFG15,10,0,NA,0.0,150000,NA_NO_ATTEMPTS
BASE,CFG16,1,0,NA,0.0,150000,NA_NO_ATTEMPTS
BASE,CFG16,2,0,NA,0.0,150000,NA_NO_ATTEMPTS
BASE,CFG16,5,0,NA,0.0,150000,NA_NO_ATTEMPTS
BASE,CFG16,10,0,NA,0.0,150000,NA_NO_ATTEMPTS
S1,CFG00,1,19,0.0,0.00012666666666666666,150000,DEFINED
S1,CFG00,2,104,0.25961538461538464,0.0006933333333333333,150000,DEFINED
S1,CFG00,5,264,0.17178030303030303,0.00176,150000,DEFINED
S1,CFG00,10,506,0.11209454796411318,0.0033733333333333332,150000,DEFINED
S1,CFG01,1,0,NA,0.0,150000,NA_NO_ATTEMPTS
S1,CFG01,2,0,NA,0.0,150000,NA_NO_ATTEMPTS
S1,CFG01,5,0,NA,0.0,150000,NA_NO_ATTEMPTS
S1,CFG01,10,0,NA,0.0,150000,NA_NO_ATTEMPTS
S1,CFG02,1,0,NA,0.0,150000,NA_NO_ATTEMPTS
S1,CFG02,2,0,NA,0.0,150000,NA_NO_ATTEMPTS
S1,CFG02,5,0,NA,0.0,150000,NA_NO_ATTEMPTS
S1,CFG02,10,0,NA,0.0,150000,NA_NO_ATTEMPTS
S1,CFG03,1,0,NA,0.0,150000,NA_NO_ATTEMPTS
S1,CFG03,2,0,NA,0.0,150000,NA_NO_ATTEMPTS
S1,CFG03,5,0,NA,0.0,150000,NA_NO_ATTEMPTS
S1,CFG03,10,0,NA,0.0,150000,NA_NO_ATTEMPTS
S1,CFG04,1,0,NA,0.0,150000,NA_NO_ATTEMPTS
S1,CFG04,2,0,NA,0.0,150000,NA_NO_ATTEMPTS
S1,CFG04,5,0,NA,0.0,150000,NA_NO_ATTEMPTS
S1,CFG04,10,0,NA,0.0,150000,NA_NO_ATTEMPTS
S1,CFG05,1,0,NA,0.0,150000,NA_NO_ATTEMPTS
S1,CFG05,2,0,NA,0.0,150000,NA_NO_ATTEMPTS
S1,CFG05,5,0,NA,0.0,150000,NA_NO_ATTEMPTS
S1,CFG05,10,0,NA,0.0,150000,NA_NO_ATTEMPTS
S1,CFG06,1,0,NA,0.0,150000,NA_NO_ATTEMPTS
S1,CFG06,2,0,NA,0.0,150000,NA_NO_ATTEMPTS
S1,CFG06,5,0,NA,0.0,150000,NA_NO_ATTEMPTS
S1,CFG06,10,0,NA,0.0,150000,NA_NO_ATTEMPTS
S1,CFG07,1,0,NA,0.0,150000,NA_NO_ATTEMPTS
S1,CFG07,2,0,NA,0.0,150000,NA_NO_ATTEMPTS
S1,CFG07,5,0,NA,0.0,150000,NA_NO_ATTEMPTS
S1,CFG07,10,0,NA,0.0,150000,NA_NO_ATTEMPTS
S1,CFG08,1,0,NA,0.0,150000,NA_NO_ATTEMPTS
S1,CFG08,2,0,NA,0.0,150000,NA_NO_ATTEMPTS
S1,CFG08,5,0,NA,0.0,150000,NA_NO_ATTEMPTS
S1,CFG08,10,0,NA,0.0,150000,NA_NO_ATTEMPTS
S1,CFG09,1,0,NA,0.0,150000,NA_NO_ATTEMPTS
S1,CFG09,2,0,NA,0.0,150000,NA_NO_ATTEMPTS
S1,CFG09,5,0,NA,0.0,150000,NA_NO_ATTEMPTS
S1,CFG09,10,0,NA,0.0,150000,NA_NO_ATTEMPTS
S1,CFG10,1,0,NA,0.0,150000,NA_NO_ATTEMPTS
S1,CFG10,2,0,NA,0.0,150000,NA_NO_ATTEMPTS
S1,CFG10,5,0,NA,0.0,150000,NA_NO_ATTEMPTS
S1,CFG10,10,0,NA,0.0,150000,NA_NO_ATTEMPTS
S1,CFG11,1,0,NA,0.0,150000,NA_NO_ATTEMPTS
S1,CFG11,2,0,NA,0.0,150000,NA_NO_ATTEMPTS
S1,CFG11,5,0,NA,0.0,150000,NA_NO_ATTEMPTS
S1,CFG11,10,100,0.05,0.0006666666666666666,150000,DEFINED
S1,CFG12,1,0,NA,0.0,150000,NA_NO_ATTEMPTS
S1,CFG12,2,0,NA,0.0,150000,NA_NO_ATTEMPTS
S1,CFG12,5,0,NA,0.0,150000,NA_NO_ATTEMPTS
S1,CFG12,10,0,NA,0.0,150000,NA_NO_ATTEMPTS
S1,CFG13,1,0,NA,0.0,150000,NA_NO_ATTEMPTS
S1,CFG13,2,0,NA,0.0,150000,NA_NO_ATTEMPTS
S1,CFG13,5,0,NA,0.0,150000,NA_NO_ATTEMPTS
S1,CFG13,10,0,NA,0.0,150000,NA_NO_ATTEMPTS
S1,CFG14,1,0,NA,0.0,150000,NA_NO_ATTEMPTS
S1,CFG14,2,0,NA,0.0,150000,NA_NO_ATTEMPTS
S1,CFG14,5,0,NA,0.0,150000,NA_NO_ATTEMPTS
S1,CFG14,10,0,NA,0.0,150000,NA_NO_ATTEMPTS
S1,CFG15,1,0,NA,0.0,150000,NA_NO_ATTEMPTS
S1,CFG15,2,0,NA,0.0,150000,NA_NO_ATTEMPTS
S1,CFG15,5,0,NA,0.0,150000,NA_NO_ATTEMPTS
S1,CFG15,10,0,NA,0.0,150000,NA_NO_ATTEMPTS
S1,CFG16,1,0,NA,0.0,150000,NA_NO_ATTEMPTS
S1,CFG16,2,0,NA,0.0,150000,NA_NO_ATTEMPTS
S1,CFG16,5,0,NA,0.0,150000,NA_NO_ATTEMPTS
S1,CFG16,10,0,NA,0.0,150000,NA_NO_ATTEMPTS
S2,CFG00,1,72045,0.793628981886321,0.4803,150000,DEFINED
S2,CFG00,2,93638,0.6846792968666567,0.6242533333333333,150000,DEFINED
S2,CFG00,5,118390,0.5749087760790607,0.7892666666666667,150000,DEFINED
S2,CFG00,10,133622,0.5165478257429807,0.8908133333333333,150000,DEFINED
S2,CFG01,1,0,NA,0.0,150000,NA_NO_ATTEMPTS
S2,CFG01,2,0,NA,0.0,150000,NA_NO_ATTEMPTS
S2,CFG01,5,90,0.2611111111111111,0.0006,150000,DEFINED
S2,CFG01,10,180,0.19484126984126984,0.0012,150000,DEFINED
S2,CFG02,1,0,NA,0.0,150000,NA_NO_ATTEMPTS
S2,CFG02,2,0,NA,0.0,150000,NA_NO_ATTEMPTS
S2,CFG02,5,0,NA,0.0,150000,NA_NO_ATTEMPTS
S2,CFG02,10,0,NA,0.0,150000,NA_NO_ATTEMPTS
S2,CFG03,1,0,NA,0.0,150000,NA_NO_ATTEMPTS
S2,CFG03,2,0,NA,0.0,150000,NA_NO_ATTEMPTS
S2,CFG03,5,0,NA,0.0,150000,NA_NO_ATTEMPTS
S2,CFG03,10,0,NA,0.0,150000,NA_NO_ATTEMPTS
S2,CFG04,1,0,NA,0.0,150000,NA_NO_ATTEMPTS
S2,CFG04,2,0,NA,0.0,150000,NA_NO_ATTEMPTS
S2,CFG04,5,0,NA,0.0,150000,NA_NO_ATTEMPTS
S2,CFG04,10,0,NA,0.0,150000,NA_NO_ATTEMPTS
S2,CFG05,1,0,NA,0.0,150000,NA_NO_ATTEMPTS
S2,CFG05,2,0,NA,0.0,150000,NA_NO_ATTEMPTS
S2,CFG05,5,0,NA,0.0,150000,NA_NO_ATTEMPTS
S2,CFG05,10,0,NA,0.0,150000,NA_NO_ATTEMPTS
S2,CFG06,1,0,NA,0.0,150000,NA_NO_ATTEMPTS
S2,CFG06,2,0,NA,0.0,150000,NA_NO_ATTEMPTS
S2,CFG06,5,0,NA,0.0,150000,NA_NO_ATTEMPTS
S2,CFG06,10,0,NA,0.0,150000,NA_NO_ATTEMPTS
S2,CFG07,1,0,NA,0.0,150000,NA_NO_ATTEMPTS
S2,CFG07,2,0,NA,0.0,150000,NA_NO_ATTEMPTS
S2,CFG07,5,0,NA,0.0,150000,NA_NO_ATTEMPTS
S2,CFG07,10,0,NA,0.0,150000,NA_NO_ATTEMPTS
S2,CFG08,1,0,NA,0.0,150000,NA_NO_ATTEMPTS
S2,CFG08,2,0,NA,0.0,150000,NA_NO_ATTEMPTS
S2,CFG08,5,0,NA,0.0,150000,NA_NO_ATTEMPTS
S2,CFG08,10,0,NA,0.0,150000,NA_NO_ATTEMPTS
S2,CFG09,1,0,NA,0.0,150000,NA_NO_ATTEMPTS
S2,CFG09,2,0,NA,0.0,150000,NA_NO_ATTEMPTS
S2,CFG09,5,0,NA,0.0,150000,NA_NO_ATTEMPTS
S2,CFG09,10,0,NA,0.0,150000,NA_NO_ATTEMPTS
S2,CFG10,1,0,NA,0.0,150000,NA_NO_ATTEMPTS
S2,CFG10,2,0,NA,0.0,150000,NA_NO_ATTEMPTS
S2,CFG10,5,0,NA,0.0,150000,NA_NO_ATTEMPTS
S2,CFG10,10,0,NA,0.0,150000,NA_NO_ATTEMPTS
S2,CFG11,1,0,NA,0.0,150000,NA_NO_ATTEMPTS
S2,CFG11,2,0,NA,0.0,150000,NA_NO_ATTEMPTS
S2,CFG11,5,942,0.16369426751592359,0.00628,150000,DEFINED
S2,CFG11,10,5313,0.1343287951983604,0.03542,150000,DEFINED
S2,CFG12,1,0,NA,0.0,150000,NA_NO_ATTEMPTS
S2,CFG12,2,0,NA,0.0,150000,NA_NO_ATTEMPTS
S2,CFG12,5,0,NA,0.0,150000,NA_NO_ATTEMPTS
S2,CFG12,10,460,0.09086956521739131,0.0030666666666666668,150000,DEFINED
S2,CFG13,1,0,NA,0.0,150000,NA_NO_ATTEMPTS
S2,CFG13,2,0,NA,0.0,150000,NA_NO_ATTEMPTS
S2,CFG13,5,240,0.2,0.0016,150000,DEFINED
S2,CFG13,10,1530,0.13925459072517896,0.0102,150000,DEFINED
S2,CFG14,1,0,NA,0.0,150000,NA_NO_ATTEMPTS
S2,CFG14,2,0,NA,0.0,150000,NA_NO_ATTEMPTS
S2,CFG14,5,0,NA,0.0,150000,NA_NO_ATTEMPTS
S2,CFG14,10,150,0.1,0.001,150000,DEFINED
S2,CFG15,1,0,NA,0.0,150000,NA_NO_ATTEMPTS
S2,CFG15,2,0,NA,0.0,150000,NA_NO_ATTEMPTS
S2,CFG15,5,0,NA,0.0,150000,NA_NO_ATTEMPTS
S2,CFG15,10,0,NA,0.0,150000,NA_NO_ATTEMPTS
S2,CFG16,1,0,NA,0.0,150000,NA_NO_ATTEMPTS
S2,CFG16,2,0,NA,0.0,150000,NA_NO_ATTEMPTS
S2,CFG16,5,0,NA,0.0,150000,NA_NO_ATTEMPTS
S2,CFG16,10,0,NA,0.0,150000,NA_NO_ATTEMPTS
S3,CFG00,1,8190,1.0,0.0546,150000,DEFINED
S3,CFG00,2,14520,0.7820247933884298,0.0968,150000,DEFINED
S3,CFG00,5,28410,0.5308518127419922,0.1894,150000,DEFINED
S3,CFG00,10,47190,0.3714419418964873,0.3146,150000,DEFINED
S3,CFG01,1,0,NA,0.0,150000,NA_NO_ATTEMPTS
S3,CFG01,2,0,NA,0.0,150000,NA_NO_ATTEMPTS
S3,CFG01,5,0,NA,0.0,150000,NA_NO_ATTEMPTS
S3,CFG01,10,0,NA,0.0,150000,NA_NO_ATTEMPTS
S3,CFG02,1,0,NA,0.0,150000,NA_NO_ATTEMPTS
S3,CFG02,2,0,NA,0.0,150000,NA_NO_ATTEMPTS
S3,CFG02,5,0,NA,0.0,150000,NA_NO_ATTEMPTS
S3,CFG02,10,0,NA,0.0,150000,NA_NO_ATTEMPTS
S3,CFG03,1,0,NA,0.0,150000,NA_NO_ATTEMPTS
S3,CFG03,2,0,NA,0.0,150000,NA_NO_ATTEMPTS
S3,CFG03,5,0,NA,0.0,150000,NA_NO_ATTEMPTS
S3,CFG03,10,0,NA,0.0,150000,NA_NO_ATTEMPTS
S3,CFG04,1,0,NA,0.0,150000,NA_NO_ATTEMPTS
S3,CFG04,2,0,NA,0.0,150000,NA_NO_ATTEMPTS
S3,CFG04,5,0,NA,0.0,150000,NA_NO_ATTEMPTS
S3,CFG04,10,0,NA,0.0,150000,NA_NO_ATTEMPTS
S3,CFG05,1,0,NA,0.0,150000,NA_NO_ATTEMPTS
S3,CFG05,2,0,NA,0.0,150000,NA_NO_ATTEMPTS
S3,CFG05,5,0,NA,0.0,150000,NA_NO_ATTEMPTS
S3,CFG05,10,0,NA,0.0,150000,NA_NO_ATTEMPTS
S3,CFG06,1,0,NA,0.0,150000,NA_NO_ATTEMPTS
S3,CFG06,2,0,NA,0.0,150000,NA_NO_ATTEMPTS
S3,CFG06,5,0,NA,0.0,150000,NA_NO_ATTEMPTS
S3,CFG06,10,0,NA,0.0,150000,NA_NO_ATTEMPTS
S3,CFG07,1,0,NA,0.0,150000,NA_NO_ATTEMPTS
S3,CFG07,2,0,NA,0.0,150000,NA_NO_ATTEMPTS
S3,CFG07,5,0,NA,0.0,150000,NA_NO_ATTEMPTS
S3,CFG07,10,0,NA,0.0,150000,NA_NO_ATTEMPTS
S3,CFG08,1,0,NA,0.0,150000,NA_NO_ATTEMPTS
S3,CFG08,2,0,NA,0.0,150000,NA_NO_ATTEMPTS
S3,CFG08,5,0,NA,0.0,150000,NA_NO_ATTEMPTS
S3,CFG08,10,0,NA,0.0,150000,NA_NO_ATTEMPTS
S3,CFG09,1,0,NA,0.0,150000,NA_NO_ATTEMPTS
S3,CFG09,2,0,NA,0.0,150000,NA_NO_ATTEMPTS
S3,CFG09,5,0,NA,0.0,150000,NA_NO_ATTEMPTS
S3,CFG09,10,0,NA,0.0,150000,NA_NO_ATTEMPTS
S3,CFG10,1,0,NA,0.0,150000,NA_NO_ATTEMPTS
S3,CFG10,2,0,NA,0.0,150000,NA_NO_ATTEMPTS
S3,CFG10,5,0,NA,0.0,150000,NA_NO_ATTEMPTS
S3,CFG10,10,0,NA,0.0,150000,NA_NO_ATTEMPTS
S3,CFG11,1,0,NA,0.0,150000,NA_NO_ATTEMPTS
S3,CFG11,2,0,NA,0.0,150000,NA_NO_ATTEMPTS
S3,CFG11,5,270,0.044444444444444446,0.0018,150000,DEFINED
S3,CFG11,10,600,0.05095238095238095,0.004,150000,DEFINED
S3,CFG12,1,0,NA,0.0,150000,NA_NO_ATTEMPTS
S3,CFG12,2,0,NA,0.0,150000,NA_NO_ATTEMPTS
S3,CFG12,5,0,NA,0.0,150000,NA_NO_ATTEMPTS
S3,CFG12,10,0,NA,0.0,150000,NA_NO_ATTEMPTS
S3,CFG13,1,0,NA,0.0,150000,NA_NO_ATTEMPTS
S3,CFG13,2,0,NA,0.0,150000,NA_NO_ATTEMPTS
S3,CFG13,5,0,NA,0.0,150000,NA_NO_ATTEMPTS
S3,CFG13,10,0,NA,0.0,150000,NA_NO_ATTEMPTS
S3,CFG14,1,0,NA,0.0,150000,NA_NO_ATTEMPTS
S3,CFG14,2,0,NA,0.0,150000,NA_NO_ATTEMPTS
S3,CFG14,5,0,NA,0.0,150000,NA_NO_ATTEMPTS
S3,CFG14,10,0,NA,0.0,150000,NA_NO_ATTEMPTS
S3,CFG15,1,0,NA,0.0,150000,NA_NO_ATTEMPTS
S3,CFG15,2,0,NA,0.0,150000,NA_NO_ATTEMPTS
S3,CFG15,5,0,NA,0.0,150000,NA_NO_ATTEMPTS
S3,CFG15,10,0,NA,0.0,150000,NA_NO_ATTEMPTS
S3,CFG16,1,0,NA,0.0,150000,NA_NO_ATTEMPTS
S3,CFG16,2,0,NA,0.0,150000,NA_NO_ATTEMPTS
S3,CFG16,5,0,NA,0.0,150000,NA_NO_ATTEMPTS
S3,CFG16,10,0,NA,0.0,150000,NA_NO_ATTEMPTS
S4,CFG00,1,936,1.0,0.00624,150000,DEFINED
S4,CFG00,2,2062,0.7269641125121241,0.013746666666666667,150000,DEFINED
S4,CFG00,5,5194,0.44620716211012706,0.03462666666666667,150000,DEFINED
S4,CFG00,10,9113,0.31058582802520035,0.06075333333333333,150000,DEFINED
S4,CFG01,1,0,NA,0.0,150000,NA_NO_ATTEMPTS
S4,CFG01,2,0,NA,0.0,150000,NA_NO_ATTEMPTS
S4,CFG01,5,0,NA,0.0,150000,NA_NO_ATTEMPTS
S4,CFG01,10,0,NA,0.0,150000,NA_NO_ATTEMPTS
S4,CFG02,1,0,NA,0.0,150000,NA_NO_ATTEMPTS
S4,CFG02,2,0,NA,0.0,150000,NA_NO_ATTEMPTS
S4,CFG02,5,0,NA,0.0,150000,NA_NO_ATTEMPTS
S4,CFG02,10,0,NA,0.0,150000,NA_NO_ATTEMPTS
S4,CFG03,1,0,NA,0.0,150000,NA_NO_ATTEMPTS
S4,CFG03,2,0,NA,0.0,150000,NA_NO_ATTEMPTS
S4,CFG03,5,0,NA,0.0,150000,NA_NO_ATTEMPTS
S4,CFG03,10,0,NA,0.0,150000,NA_NO_ATTEMPTS
S4,CFG04,1,0,NA,0.0,150000,NA_NO_ATTEMPTS
S4,CFG04,2,0,NA,0.0,150000,NA_NO_ATTEMPTS
S4,CFG04,5,0,NA,0.0,150000,NA_NO_ATTEMPTS
S4,CFG04,10,0,NA,0.0,150000,NA_NO_ATTEMPTS
S4,CFG05,1,0,NA,0.0,150000,NA_NO_ATTEMPTS
S4,CFG05,2,0,NA,0.0,150000,NA_NO_ATTEMPTS
S4,CFG05,5,0,NA,0.0,150000,NA_NO_ATTEMPTS
S4,CFG05,10,0,NA,0.0,150000,NA_NO_ATTEMPTS
S4,CFG06,1,0,NA,0.0,150000,NA_NO_ATTEMPTS
S4,CFG06,2,0,NA,0.0,150000,NA_NO_ATTEMPTS
S4,CFG06,5,0,NA,0.0,150000,NA_NO_ATTEMPTS
S4,CFG06,10,0,NA,0.0,150000,NA_NO_ATTEMPTS
S4,CFG07,1,0,NA,0.0,150000,NA_NO_ATTEMPTS
S4,CFG07,2,0,NA,0.0,150000,NA_NO_ATTEMPTS
S4,CFG07,5,0,NA,0.0,150000,NA_NO_ATTEMPTS
S4,CFG07,10,0,NA,0.0,150000,NA_NO_ATTEMPTS
S4,CFG08,1,0,NA,0.0,150000,NA_NO_ATTEMPTS
S4,CFG08,2,0,NA,0.0,150000,NA_NO_ATTEMPTS
S4,CFG08,5,0,NA,0.0,150000,NA_NO_ATTEMPTS
S4,CFG08,10,0,NA,0.0,150000,NA_NO_ATTEMPTS
S4,CFG09,1,0,NA,0.0,150000,NA_NO_ATTEMPTS
S4,CFG09,2,0,NA,0.0,150000,NA_NO_ATTEMPTS
S4,CFG09,5,0,NA,0.0,150000,NA_NO_ATTEMPTS
S4,CFG09,10,0,NA,0.0,150000,NA_NO_ATTEMPTS
S4,CFG10,1,0,NA,0.0,150000,NA_NO_ATTEMPTS
S4,CFG10,2,0,NA,0.0,150000,NA_NO_ATTEMPTS
S4,CFG10,5,0,NA,0.0,150000,NA_NO_ATTEMPTS
S4,CFG10,10,0,NA,0.0,150000,NA_NO_ATTEMPTS
S4,CFG11,1,0,NA,0.0,150000,NA_NO_ATTEMPTS
S4,CFG11,2,0,NA,0.0,150000,NA_NO_ATTEMPTS
S4,CFG11,5,114,0.06666666666666667,0.00076,150000,DEFINED
S4,CFG11,10,343,0.05297792586422324,0.002286666666666667,150000,DEFINED
S4,CFG12,1,0,NA,0.0,150000,NA_NO_ATTEMPTS
S4,CFG12,2,0,NA,0.0,150000,NA_NO_ATTEMPTS
S4,CFG12,5,0,NA,0.0,150000,NA_NO_ATTEMPTS
S4,CFG12,10,0,NA,0.0,150000,NA_NO_ATTEMPTS
S4,CFG13,1,0,NA,0.0,150000,NA_NO_ATTEMPTS
S4,CFG13,2,0,NA,0.0,150000,NA_NO_ATTEMPTS
S4,CFG13,5,0,NA,0.0,150000,NA_NO_ATTEMPTS
S4,CFG13,10,0,NA,0.0,150000,NA_NO_ATTEMPTS
S4,CFG14,1,0,NA,0.0,150000,NA_NO_ATTEMPTS
S4,CFG14,2,0,NA,0.0,150000,NA_NO_ATTEMPTS
S4,CFG14,5,0,NA,0.0,150000,NA_NO_ATTEMPTS
S4,CFG14,10,0,NA,0.0,150000,NA_NO_ATTEMPTS
S4,CFG15,1,0,NA,0.0,150000,NA_NO_ATTEMPTS
S4,CFG15,2,0,NA,0.0,150000,NA_NO_ATTEMPTS
S4,CFG15,5,0,NA,0.0,150000,NA_NO_ATTEMPTS
S4,CFG15,10,0,NA,0.0,150000,NA_NO_ATTEMPTS
S4,CFG16,1,0,NA,0.0,150000,NA_NO_ATTEMPTS
S4,CFG16,2,0,NA,0.0,150000,NA_NO_ATTEMPTS
S4,CFG16,5,0,NA,0.0,150000,NA_NO_ATTEMPTS
S4,CFG16,10,0,NA,0.0,150000,NA_NO_ATTEMPTS
