config_id,attribute,n_source,n_retained,n_suppressed
CFG00,age,30162,30162,0
CFG00,education,30162,30162,0
CFG00,marital-status,30162,30162,0
CFG00,native-country,30162,30162,0
CFG00,occupation,30162,30162,0
CFG00,race,30162,30162,0
CFG00,salary-class,30162,30162,0
CFG00,sex,30162,30162,0
CFG00,workclass,30162,30162,0
CFG01,age,30162,30162,0
CFG01,education,30162,30162,0
CFG01,marital-status,30162,30162,0
CFG01,native-country,30162,30162,0
CFG01,occupation,30162,30162,0
CFG01,race,30162,30162,0
CFG01,salary-class,30162,30162,0
CFG01,sex,30162,30162,0
CFG01,workclass,30162,30162,0
CFG02,age,30162,30162,0
CFG02,education,30162,30162,0
CFG02,marital-status,30162,30162,0
CFG02,native-country,30162,30162,0
CFG02,occupation,30162,30162,0
CFG02,race,30162,30162,0
CFG02,salary-class,30162,30162,0
CFG02,sex,30162,30162,0
CFG02,workclass,30162,30162,0
CFG03,age,30162,30162,0
CFG03,education,30162,30162,0
CFG03,marital-status,30162,30162,0
CFG03,native-country,30162,30162,0
CFG03,occupation,30162,30162,0
CFG03,race,30162,30162,0
CFG03,salary-class,30162,30162,0
CFG03,sex,30162,30162,0
CFG03,workclass,30162,30162,0
CFG04,age,30162,30162,0
CFG04,education,30162,30162,0
CFG04,marital-status,30162,30162,0
CFG04,native-country,30162,30162,0
CFG04,occupation,30162,30162,0
CFG04,race,30162,30162,0
CFG04,salary-class,30162,30162,0
CFG04,sex,30162,30162,0
CFG04,workclass,30162,30162,0
CFG05,age,30162,30162,0
CFG05,education,30162,30162,0
CFG05,marital-status,30162,30162,0
CFG05,native-country,30162,30162,0
CFG05,occupation,30162,30162,0
CFG05,race,30162,30162,0
CFG05,salary-class,30162,30162,0
CFG05,sex,30162,30162,0
CFG05,workclass,30162,30162,0
CFG06,age,30162,30162,0
CFG06,education,30162,30162,0
CFG06,marital-status,30162,30162,0
CFG06,native-country,30162,30162,0
CFG06,occupation,30162,30162,0
CFG06,race,30162,30162,0
CFG06,salary-class,30162,30162,0
CFG06,sex,30162,30162,0
CFG06,workclass,30162,30162,0
CFG07,age,30162,30162,0
CFG07,education,30162,30162,0
CFG07,marital-status,30162,30162,0
CFG07,native-country,30162,30162,0
CFG07,occupation,30162,30162,0
CFG07,race,30162,30162,0
CFG07,salary-class,30162,30162,0
CFG07,sex,30162,30162,0
CFG07,workclass,30162,30162,0
CFG08,age,30162,30162,0
CFG08,education,30162,30162,0
CFG08,marital-status,30162,30162,0
CFG08,native-country,30162,30162,0
CFG08,occupation,30162,30162,0
CFG08,race,30162,30162,0
CFG08,salary-class,30162,30162,0
CFG08,sex,30162,30162,0
CFG08,workclass,30162,30162,0
CFG09,age,30162,30162,0
CFG09,education,30162,30162,0
CFG09,marital-status,30162,30162,0
CFG09,native-country,30162,30162,0
CFG09,occupation,30162,30162,0
CFG09,race,30162,30162,0
CFG09,salary-class,30162,30162,0
CFG09,sex,30162,30162,0
CFG09,workclass,30162,30162,0
CFG10,age,30162,30162,0
CFG10,education,30162,30162,0
CFG10,marital-status,30162,30162,0
CFG10,native-country,30162,30162,0
CFG10,occupation,30162,30162,0
CFG10,race,30162,30162,0
CFG10,salary-class,30162,30162,0
CFG10,sex,30162,30162,0
CFG10,workclass,30162,30162,0
CFG11,age,30162,28914,1248
CFG11,education,30162,28914,1248
CFG11,marital-status,30162,28914,1248
CFG11,native-country,30162,28914,1248
CFG11,occupation,30162,28914,1248
CFG11,race,30162,28914,1248
CFG11,salary-class,30162,28914,1248
CFG11,sex,30162,28914,1248
CFG11,workclass,30162,28914,1248
CFG12,age,30162,28678,1484
CFG12,education,30162,28678,1484
CFG12,marital-status,30162,28678,1484
CFG12,native-country,30162,28678,1484
CFG12,occupation,30162,28678,1484
CFG12,race,30162,28678,1484
CFG12,salary-class,30162,28678,1484
CFG12,sex,30162,28678,1484
CFG12,workclass,30162,28678,1484
CFG13,age,30162,28880,1282
CFG13,education,30162,28880,1282
CFG13,marital-status,30162,28880,1282
CFG13,native-country,30162,28880,1282
CFG13,occupation,30162,28880,1282
CFG13,race,30162,28880,1282
CFG13,salary-class,30162,28880,1282
CFG13,sex,30162,28880,1282
CFG13,workclass,30162,28880,1282
CFG14,age,30162,28660,1502
CFG14,education,30162,28660,1502
CFG14,marital-status,30162,28660,1502
CFG14,native-country,30162,28660,1502
CFG14,occupation,30162,28660,1502
CFG14,race,30162,28660,1502
CFG14,salary-class,30162,28660,1502
CFG14,sex,30162,28660,1502
CFG14,workclass,30162,28660,1502
CFG15,age,30162,29846,316
CFG15,education,30162,29846,316
CFG15,marital-status,30162,29846,316
CFG15,native-country,30162,29846,316
CFG15,occupation,30162,29846,316
CFG15,race,30162,29846,316
CFG15,salary-class,30162,29846,316
CFG15,sex,30162,29846,316
CFG15,workclass,30162,29846,316
CFG16,age,30162,29846,316
CFG16,education,30162,29846,316
CFG16,marital-status,30162,29846,316
CFG16,native-country,30162,29846,316
CFG16,occupation,30162,29846,316
CFG16,race,30162,29846,316
CFG16,salary-class,30162,29846,316
CFG16,sex,30162,29846,316
CFG16,workclass,30162,29846,316
