scenario,config_id,frequency,size
BASE,CFG00,9362,1
BASE,CFG00,7094,2
BASE,CFG00,5815,3
BASE,CFG00,5428,4
BASE,CFG00,3992,5
BASE,CFG00,3932,6
BASE,CFG00,4237,7
BASE,CFG00,3522,8
BASE,CFG00,3847,9
BASE,CFG00,3001,10
BASE,CFG00,2486,11
BASE,CFG00,2590,12
BASE,CFG00,2087,13
BASE,CFG00,1968,14
BASE,CFG00,1663,15
BASE,CFG00,1918,16
BASE,CFG00,1315,17
BASE,CFG00,1042,18
BASE,CFG00,1848,19
BASE,CFG00,2022,20
BASE,CFG00,1518,21
BASE,CFG00,509,22
BASE,CFG00,1022,23
BASE,CFG00,807,24
BASE,CFG00,1791,25
BASE,CFG00,1773,26
BASE,CFG00,1255,27
BASE,CFG00,1032,28
BASE,CFG00,1622,29
BASE,CFG00,755,30
BASE,CFG00,272,31
BASE,CFG00,928,32
BASE,CFG00,1008,33
BASE,CFG00,419,34
BASE,CFG00,2147,35
BASE,CFG00,389,36
BASE,CFG00,1356,37
BASE,CFG00,740,38
BASE,CFG00,814,39
BASE,CFG00,417,40
BASE,CFG00,614,41
BASE,CFG00,890,42
BASE,CFG00,479,43
BASE,CFG00,535,44
BASE,CFG00,1810,45
BASE,CFG00,243,46
BASE,CFG00,776,48
BASE,CFG00,865,49
BASE,CFG00,304,50
BASE,CFG00,771,51
BASE,CFG00,252,52
BASE,CFG00,1037,53
BASE,CFG00,737,54
BASE,CFG00,830,55
BASE,CFG00,591,56
BASE,CFG00,644,57
BASE,CFG00,701,58
BASE,CFG00,232,59
BASE,CFG00,764,60
BASE,CFG00,502,61
BASE,CFG00,640,62
BASE,CFG00,1289,63
BASE,CFG00,302,64
BASE,CFG00,705,65
BASE,CFG00,389,66
BASE,CFG00,792,67
BASE,CFG00,793,68
BASE,CFG00,596,69
BASE,CFG00,1098,71
BASE,CFG00,781,72
BASE,CFG00,1422,73
BASE,CFG00,1579,75
BASE,CFG00,1200,76
BASE,CFG00,369,77
BASE,CFG00,1098,78
BASE,CFG00,1324,79
BASE,CFG00,1414,80
BASE,CFG00,882,81
BASE,CFG00,423,82
BASE,CFG00,2134,83
BASE,CFG00,1376,84
BASE,CFG00,466,85
BASE,CFG00,862,86
BASE,CFG00,440,87
BASE,CFG00,584,88
BASE,CFG00,525,90
BASE,CFG00,501,91
BASE,CFG00,522,93
BASE,CFG00,873,94
BASE,CFG00,1240,96
BASE,CFG00,279,100
BASE,CFG00,544,101
BASE,CFG00,1016,103
BASE,CFG00,1019,104
BASE,CFG00,525,105
BASE,CFG00,953,106
BASE,CFG00,533,107
BASE,CFG00,365,108
BASE,CFG00,1031,113
BASE,CFG00,1091,115
BASE,CFG00,1649,116
BASE,CFG00,477,117
BASE,CFG00,664,118
BASE,CFG00,499,122
BASE,CFG00,1485,123
BASE,CFG00,597,125
BASE,CFG00,445,128
BASE,CFG00,958,129
BASE,CFG00,590,132
BASE,CFG00,554,133
BASE,CFG00,543,134
BASE,CFG00,663,138
BASE,CFG00,623,140
BASE,CFG00,513,142
BASE,CFG00,547,144
BASE,CFG00,663,145
BASE,CFG00,584,158
BASE,CFG00,651,177
BASE,CFG01,7650,1492
BASE,CFG01,37980,7786
BASE,CFG01,39960,8290
BASE,CFG01,64410,12594
BASE,CFG02,47610,9782
BASE,CFG02,102390,20380
BASE,CFG03,47610,9782
BASE,CFG03,102390,20380
BASE,CFG04,90,21
BASE,CFG04,600,105
BASE,CFG04,810,125
BASE,CFG04,660,148
BASE,CFG04,930,178
BASE,CFG04,990,210
BASE,CFG04,1620,337
BASE,CFG04,2070,465
BASE,CFG04,2670,570
BASE,CFG04,3150,598
BASE,CFG04,2970,609
BASE,CFG04,3780,759
BASE,CFG04,5670,1075
BASE,CFG04,6870,1311
BASE,CFG04,13800,2978
BASE,CFG04,16020,3459
BASE,CFG04,17490,3502
BASE,CFG04,18930,3714
BASE,CFG04,25110,4715
BASE,CFG04,25770,5283
BASE,CFG05,47610,9782
BASE,CFG05,102390,20380
BASE,CFG06,47610,9782
BASE,CFG06,102390,20380
BASE,CFG07,47610,9782
BASE,CFG07,102390,20380
BASE,CFG08,150000,30162
BASE,CFG09,47610,9782
BASE,CFG09,102390,20380
BASE,CFG10,150000,30162
BASE,CFG11,286,5
BASE,CFG11,167,6
BASE,CFG11,202,7
BASE,CFG11,224,12
BASE,CFG11,327,16
BASE,CFG11,87,24
BASE,CFG11,176,28
BASE,CFG11,530,33
BASE,CFG11,300,64
BASE,CFG11,378,71
BASE,CFG11,402,78
BASE,CFG11,356,79
BASE,CFG11,495,82
BASE,CFG11,1287,187
BASE,CFG11,1285,216
BASE,CFG11,1316,261
BASE,CFG11,1570,262
BASE,CFG11,1323,275
BASE,CFG11,1563,284
BASE,CFG11,1891,368
BASE,CFG11,2363,430
BASE,CFG11,2807,457
BASE,CFG11,2623,480
BASE,CFG11,2413,503
BASE,CFG11,3648,653
BASE,CFG11,3911,666
BASE,CFG11,4434,861
BASE,CFG11,6018,1040
BASE,CFG11,6317,1273
BASE,CFG11,7713,1512
BASE,CFG11,10925,2172
BASE,CFG11,11423,2283
BASE,CFG11,11327,2381
BASE,CFG11,12201,2551
BASE,CFG11,12317,2716
BASE,CFG11,16100,3084
BASE,CFG11,19047,3422
BASE,CFG12,202,12
BASE,CFG12,345,13
BASE,CFG12,118,16
BASE,CFG12,327,17
BASE,CFG12,164,21
BASE,CFG12,122,26
BASE,CFG12,176,28
BASE,CFG12,245,30
BASE,CFG12,172,33
BASE,CFG12,679,34
BASE,CFG12,302,47
BASE,CFG12,247,50
BASE,CFG12,470,59
BASE,CFG12,300,64
BASE,CFG12,836,66
BASE,CFG12,475,68
BASE,CFG12,367,85
BASE,CFG12,495,89
BASE,CFG12,685,108
BASE,CFG12,802,118
BASE,CFG12,911,127
BASE,CFG12,758,131
BASE,CFG12,714,133
BASE,CFG12,622,156
BASE,CFG12,890,182
BASE,CFG12,1324,209
BASE,CFG12,1285,223
BASE,CFG12,1127,226
BASE,CFG12,1316,266
BASE,CFG12,1570,267
BASE,CFG12,1228,269
BASE,CFG12,1447,284
BASE,CFG12,3258,310
BASE,CFG12,1731,355
BASE,CFG12,2028,400
BASE,CFG12,2104,449
BASE,CFG12,2807,453
BASE,CFG12,2413,504
BASE,CFG12,3196,575
BASE,CFG12,2826,576
BASE,CFG12,3156,594
BASE,CFG12,3543,611
BASE,CFG12,7559,661
BASE,CFG12,3866,817
BASE,CFG12,6018,1064
BASE,CFG12,7713,1543
BASE,CFG12,9499,1947
BASE,CFG12,9591,2053
BASE,CFG12,11282,2137
BASE,CFG12,10925,2175
BASE,CFG12,12348,2178
BASE,CFG12,11423,2294
BASE,CFG12,11327,2399
BASE,CFG13,990,162
BASE,CFG13,3150,548
BASE,CFG13,4410,816
BASE,CFG13,17490,3215
BASE,CFG13,18930,3544
BASE,CFG13,18390,3786
BASE,CFG13,21870,4564
BASE,CFG13,25770,5202
BASE,CFG13,37650,7043
BASE,CFG14,840,83
BASE,CFG14,810,99
BASE,CFG14,780,118
BASE,CFG14,1560,267
BASE,CFG14,2940,374
BASE,CFG14,3390,539
BASE,CFG14,7590,1382
BASE,CFG14,8430,1623
BASE,CFG14,13170,2409
BASE,CFG14,19680,4137
BASE,CFG14,26340,5169
BASE,CFG14,64350,12460
BASE,CFG15,150000,29846
BASE,CFG16,150000,29846
S1,CFG00,19,1
S1,CFG00,85,2
S1,CFG00,68,3
S1,CFG00,29,4
S1,CFG00,63,5
S1,CFG00,50,6
S1,CFG00,90,7
S1,CFG00,61,9
S1,CFG00,41,10
S1,CFG00,192,11
S1,CFG00,52,12
S1,CFG00,139,13
S1,CFG00,62,15
S1,CFG00,59,16
S1,CFG00,179,18
S1,CFG00,78,21
S1,CFG00,138,23
S1,CFG00,431,25
S1,CFG00,35,27
S1,CFG00,188,32
S1,CFG00,275,33
S1,CFG00,230,38
S1,CFG00,192,39
S1,CFG00,294,45
S1,CFG00,270,46
S1,CFG00,392,55
S1,CFG00,639,57
S1,CFG00,307,58
S1,CFG00,405,68
S1,CFG00,412,70
S1,CFG00,867,72
S1,CFG00,435,78
S1,CFG00,395,85
S1,CFG00,365,86
S1,CFG00,487,91
S1,CFG00,916,98
S1,CFG00,495,99
S1,CFG00,599,116
S1,CFG00,605,124
S1,CFG00,630,127
S1,CFG00,565,129
S1,CFG00,680,131
S1,CFG00,701,135
S1,CFG00,1702,150
S1,CFG00,1704,160
S1,CFG00,806,165
S1,CFG00,1114,178
S1,CFG00,1037,191
S1,CFG00,1115,196
S1,CFG00,1213,206
S1,CFG00,1120,208
S1,CFG00,1161,213
S1,CFG00,1129,216
S1,CFG00,3043,217
S1,CFG00,2232,219
S1,CFG00,1262,223
S1,CFG00,1054,225
S1,CFG00,1079,230
S1,CFG00,1092,233
S1,CFG00,1081,235
S1,CFG00,1005,238
S1,CFG00,1407,244
S1,CFG00,2655,246
S1,CFG00,1180,247
S1,CFG00,1248,248
S1,CFG00,1302,252
S1,CFG00,1250,253
S1,CFG00,1296,255
S1,CFG00,1437,262
S1,CFG00,1164,263
S1,CFG00,1110,268
S1,CFG00,1367,269
S1,CFG00,1206,270
S1,CFG00,1229,273
S1,CFG00,1299,277
S1,CFG00,1487,281
S1,CFG00,1228,289
S1,CFG00,1219,295
S1,CFG00,1575,296
S1,CFG00,1410,297
S1,CFG00,1443,299
S1,CFG00,1284,301
S1,CFG00,1601,319
S1,CFG00,1597,328
S1,CFG00,1389,339
S1,CFG00,1633,340
S1,CFG00,1812,344
S1,CFG00,2009,363
S1,CFG00,1863,373
S1,CFG00,1927,390
S1,CFG00,1902,411
S1,CFG00,1724,425
S1,CFG00,2113,471
S1,CFG00,2427,475
S1,CFG00,2407,476
S1,CFG00,2000,485
S1,CFG00,2761,493
S1,CFG00,2604,494
S1,CFG00,2265,502
S1,CFG00,2866,508
S1,CFG00,2619,517
S1,CFG00,5264,519
S1,CFG00,2743,522
S1,CFG00,2837,527
S1,CFG00,2708,535
S1,CFG00,2465,539
S1,CFG00,2870,552
S1,CFG00,2724,556
S1,CFG00,2779,560
S1,CFG00,2824,568
S1,CFG00,2977,584
S1,CFG00,2687,588
S1,CFG00,2979,598
S1,CFG00,2768,602
S1,CFG00,2972,603
S1,CFG00,2924,609
S1,CFG01,47610,9782
S1,CFG01,102390,20380
S1,CFG02,47610,9782
S1,CFG02,102390,20380
S1,CFG03,47610,9782
S1,CFG03,102390,20380
S1,CFG04,47610,9782
S1,CFG04,102390,20380
S1,CFG05,47610,9782
S1,CFG05,102390,20380
S1,CFG06,47610,9782
S1,CFG06,102390,20380
S1,CFG07,47610,9782
S1,CFG07,102390,20380
S1,CFG08,150000,30162
S1,CFG09,47610,9782
S1,CFG09,102390,20380
S1,CFG10,150000,30162
S1,CFG11,100,6
S1,CFG11,351,16
S1,CFG11,3255,481
S1,CFG11,4316,878
S1,CFG11,5269,977
S1,CFG11,6163,1051
S1,CFG11,15300,2837
S1,CFG11,24639,5003
S1,CFG11,39457,7342
S1,CFG11,51150,10323
S1,CFG12,351,13
S1,CFG12,3267,469
S1,CFG12,4316,884
S1,CFG12,5269,980
S1,CFG12,6163,1034
S1,CFG12,15300,2836
S1,CFG12,24639,4967
S1,CFG12,39457,7291
S1,CFG12,51150,10204
S1,CFG13,47610,9143
S1,CFG13,102390,19737
S1,CFG14,47610,8959
S1,CFG14,102390,19701
S1,CFG15,150000,29846
S1,CFG16,150000,29846
S2,CFG00,72045,1
S2,CFG00,21593,2
S2,CFG00,12423,3
S2,CFG00,7261,4
S2,CFG00,5068,5
S2,CFG00,4163,6
S2,CFG00,3728,7
S2,CFG00,2387,8
S2,CFG00,2431,9
S2,CFG00,2523,10
S2,CFG00,2170,11
S2,CFG00,2114,12
S2,CFG00,1790,13
S2,CFG00,740,14
S2,CFG00,910,15
S2,CFG00,1090,16
S2,CFG00,734,17
S2,CFG00,676,18
S2,CFG00,861,19
S2,CFG00,705,20
S2,CFG00,307,21
S2,CFG00,279,22
S2,CFG00,447,23
S2,CFG00,247,24
S2,CFG00,307,25
S2,CFG00,488,26
S2,CFG00,835,27
S2,CFG00,225,29
S2,CFG00,332,30
S2,CFG00,177,32
S2,CFG00,466,34
S2,CFG00,102,35
S2,CFG00,98,36
S2,CFG00,167,37
S2,CFG00,111,45
S2,CFG01,30,3
S2,CFG01,30,4
S2,CFG01,30,5
S2,CFG01,60,7
S2,CFG01,30,10
S2,CFG01,210,13
S2,CFG01,90,15
S2,CFG01,30,18
S2,CFG01,90,21
S2,CFG01,90,22
S2,CFG01,210,23
S2,CFG01,210,24
S2,CFG01,150,27
S2,CFG01,300,28
S2,CFG01,120,30
S2,CFG01,330,32
S2,CFG01,450,35
S2,CFG01,270,36
S2,CFG01,540,37
S2,CFG01,300,38
S2,CFG01,150,41
S2,CFG01,180,56
S2,CFG01,150,59
S2,CFG01,210,65
S2,CFG01,360,70
S2,CFG01,540,78
S2,CFG01,510,93
S2,CFG01,630,97
S2,CFG01,450,104
S2,CFG01,630,110
S2,CFG01,690,156
S2,CFG01,960,172
S2,CFG01,840,205
S2,CFG01,1200,228
S2,CFG01,1080,234
S2,CFG01,1080,244
S2,CFG01,1410,268
S2,CFG01,1620,297
S2,CFG01,3780,351
S2,CFG01,1830,404
S2,CFG01,2580,496
S2,CFG01,2940,695
S2,CFG01,8370,1711
S2,CFG01,8640,1789
S2,CFG01,8580,1976
S2,CFG01,11070,2155
S2,CFG01,12570,2482
S2,CFG01,12630,2622
S2,CFG01,14880,3144
S2,CFG01,19770,3796
S2,CFG01,26100,5007
S2,CFG02,150,16
S2,CFG02,120,25
S2,CFG02,180,28
S2,CFG02,150,31
S2,CFG02,360,37
S2,CFG02,270,40
S2,CFG02,120,41
S2,CFG02,270,45
S2,CFG02,210,52
S2,CFG02,330,63
S2,CFG02,270,64
S2,CFG02,180,70
S2,CFG02,630,75
S2,CFG02,300,86
S2,CFG02,810,138
S2,CFG02,990,167
S2,CFG02,660,169
S2,CFG02,1470,265
S2,CFG02,1530,292
S2,CFG02,1830,334
S2,CFG02,1530,361
S2,CFG02,2280,462
S2,CFG02,3000,595
S2,CFG02,3480,773
S2,CFG02,10200,2115
S2,CFG02,10500,2140
S2,CFG02,17460,3640
S2,CFG02,23700,4777
S2,CFG02,28350,5772
S2,CFG02,38670,7489
S2,CFG03,150,16
S2,CFG03,120,25
S2,CFG03,180,28
S2,CFG03,150,31
S2,CFG03,360,37
S2,CFG03,270,40
S2,CFG03,120,41
S2,CFG03,270,45
S2,CFG03,210,52
S2,CFG03,330,63
S2,CFG03,270,64
S2,CFG03,180,70
S2,CFG03,630,75
S2,CFG03,300,86
S2,CFG03,810,138
S2,CFG03,990,167
S2,CFG03,660,169
S2,CFG03,1470,265
S2,CFG03,1530,292
S2,CFG03,1830,334
S2,CFG03,1530,361
S2,CFG03,2280,462
S2,CFG03,3000,595
S2,CFG03,3480,773
S2,CFG03,10200,2115
S2,CFG03,10500,2140
S2,CFG03,17460,3640
S2,CFG03,23700,4777
S2,CFG03,28350,5772
S2,CFG03,38670,7489
S2,CFG04,90,21
S2,CFG04,600,105
S2,CFG04,810,125
S2,CFG04,660,148
S2,CFG04,930,178
S2,CFG04,990,210
S2,CFG04,1620,337
S2,CFG04,2070,465
S2,CFG04,2670,570
S2,CFG04,3150,598
S2,CFG04,2970,609
S2,CFG04,3780,759
S2,CFG04,5670,1075
S2,CFG04,6870,1311
S2,CFG04,13800,2978
S2,CFG04,16020,3459
S2,CFG04,17490,3502
S2,CFG04,18930,3714
S2,CFG04,25110,4715
S2,CFG04,25770,5283
S2,CFG05,150,16
S2,CFG05,120,25
S2,CFG05,180,28
S2,CFG05,150,31
S2,CFG05,360,37
S2,CFG05,270,40
S2,CFG05,120,41
S2,CFG05,270,45
S2,CFG05,210,52
S2,CFG05,330,63
S2,CFG05,270,64
S2,CFG05,180,70
S2,CFG05,630,75
S2,CFG05,300,86
S2,CFG05,810,138
S2,CFG05,990,167
S2,CFG05,660,169
S2,CFG05,1470,265
S2,CFG05,1530,292
S2,CFG05,1830,334
S2,CFG05,1530,361
S2,CFG05,2280,462
S2,CFG05,3000,595
S2,CFG05,3480,773
S2,CFG05,10200,2115
S2,CFG05,10500,2140
S2,CFG05,17460,3640
S2,CFG05,23700,4777
S2,CFG05,28350,5772
S2,CFG05,38670,7489
S2,CFG06,150,16
S2,CFG06,120,25
S2,CFG06,180,28
S2,CFG06,150,31
S2,CFG06,360,37
S2,CFG06,270,40
S2,CFG06,120,41
S2,CFG06,270,45
S2,CFG06,210,52
S2,CFG06,330,63
S2,CFG06,270,64
S2,CFG06,180,70
S2,CFG06,630,75
S2,CFG06,300,86
S2,CFG06,810,138
S2,CFG06,990,167
S2,CFG06,660,169
S2,CFG06,1470,265
S2,CFG06,1530,292
S2,CFG06,1830,334
S2,CFG06,1530,361
S2,CFG06,2280,462
S2,CFG06,3000,595
S2,CFG06,3480,773
S2,CFG06,10200,2115
S2,CFG06,10500,2140
S2,CFG06,17460,3640
S2,CFG06,23700,4777
S2,CFG06,28350,5772
S2,CFG06,38670,7489
S2,CFG07,12720,2555
S2,CFG07,12600,2591
S2,CFG07,22290,4636
S2,CFG07,28230,5654
S2,CFG07,30840,6371
S2,CFG07,43320,8355
S2,CFG08,150000,30162
S2,CFG09,12720,2555
S2,CFG09,12600,2591
S2,CFG09,22290,4636
S2,CFG09,28230,5654
S2,CFG09,30840,6371
S2,CFG09,43320,8355
S2,CFG10,150000,30162
S2,CFG11,942,5
S2,CFG11,1596,6
S2,CFG11,762,7
S2,CFG11,856,8
S2,CFG11,683,9
S2,CFG11,474,10
S2,CFG11,911,11
S2,CFG11,613,12
S2,CFG11,564,13
S2,CFG11,312,14
S2,CFG11,188,15
S2,CFG11,968,16
S2,CFG11,612,17
S2,CFG11,829,18
S2,CFG11,609,19
S2,CFG11,679,20
S2,CFG11,526,21
S2,CFG11,267,22
S2,CFG11,268,23
S2,CFG11,676,24
S2,CFG11,296,25
S2,CFG11,529,27
S2,CFG11,444,28
S2,CFG11,578,29
S2,CFG11,134,30
S2,CFG11,599,31
S2,CFG11,616,32
S2,CFG11,492,33
S2,CFG11,736,34
S2,CFG11,807,35
S2,CFG11,402,36
S2,CFG11,433,38
S2,CFG11,491,39
S2,CFG11,326,40
S2,CFG11,469,41
S2,CFG11,202,44
S2,CFG11,487,46
S2,CFG11,503,49
S2,CFG11,295,50
S2,CFG11,703,51
S2,CFG11,209,52
S2,CFG11,428,53
S2,CFG11,185,54
S2,CFG11,176,56
S2,CFG11,247,57
S2,CFG11,330,58
S2,CFG11,626,59
S2,CFG11,1422,60
S2,CFG11,699,61
S2,CFG11,666,64
S2,CFG11,594,65
S2,CFG11,313,68
S2,CFG11,214,70
S2,CFG11,473,74
S2,CFG11,429,78
S2,CFG11,281,80
S2,CFG11,1475,82
S2,CFG11,362,85
S2,CFG11,379,86
S2,CFG11,399,92
S2,CFG11,314,100
S2,CFG11,954,103
S2,CFG11,558,105
S2,CFG11,506,108
S2,CFG11,594,113
S2,CFG11,731,114
S2,CFG11,1744,115
S2,CFG11,597,117
S2,CFG11,648,118
S2,CFG11,656,123
S2,CFG11,630,125
S2,CFG11,695,126
S2,CFG11,758,127
S2,CFG11,557,128
S2,CFG11,827,134
S2,CFG11,390,136
S2,CFG11,639,140
S2,CFG11,805,144
S2,CFG11,1671,152
S2,CFG11,809,154
S2,CFG11,730,156
S2,CFG11,713,160
S2,CFG11,767,165
S2,CFG11,935,171
S2,CFG11,931,173
S2,CFG11,999,182
S2,CFG11,1806,186
S2,CFG11,950,188
S2,CFG11,2030,192
S2,CFG11,1310,211
S2,CFG11,1006,218
S2,CFG11,1054,239
S2,CFG11,1215,242
S2,CFG11,2397,244
S2,CFG11,1069,245
S2,CFG11,1222,246
S2,CFG11,1190,257
S2,CFG11,1319,273
S2,CFG11,1446,277
S2,CFG11,1843,325
S2,CFG11,1487,337
S2,CFG11,2104,364
S2,CFG11,1646,409
S2,CFG11,1933,451
S2,CFG11,2504,458
S2,CFG11,2009,472
S2,CFG11,2054,506
S2,CFG11,2478,514
S2,CFG11,2234,526
S2,CFG11,2555,551
S2,CFG11,3345,570
S2,CFG11,2823,619
S2,CFG11,3103,692
S2,CFG11,3552,711
S2,CFG11,3118,715
S2,CFG11,3151,751
S2,CFG11,4164,814
S2,CFG11,5349,971
S2,CFG11,4981,1021
S2,CFG11,5745,1034
S2,CFG11,5410,1050
S2,CFG11,6031,1141
S2,CFG12,460,10
S2,CFG12,333,11
S2,CFG12,908,12
S2,CFG12,746,13
S2,CFG12,314,15
S2,CFG12,399,16
S2,CFG12,707,17
S2,CFG12,502,18
S2,CFG12,286,19
S2,CFG12,715,20
S2,CFG12,578,21
S2,CFG12,784,22
S2,CFG12,270,23
S2,CFG12,520,24
S2,CFG12,200,25
S2,CFG12,240,26
S2,CFG12,235,27
S2,CFG12,817,28
S2,CFG12,151,29
S2,CFG12,325,30
S2,CFG12,563,31
S2,CFG12,673,32
S2,CFG12,530,33
S2,CFG12,564,34
S2,CFG12,198,35
S2,CFG12,372,36
S2,CFG12,301,37
S2,CFG12,309,38
S2,CFG12,283,39
S2,CFG12,456,40
S2,CFG12,542,41
S2,CFG12,271,42
S2,CFG12,436,43
S2,CFG12,300,44
S2,CFG12,237,45
S2,CFG12,187,47
S2,CFG12,271,48
S2,CFG12,136,50
S2,CFG12,374,52
S2,CFG12,582,55
S2,CFG12,178,56
S2,CFG12,387,57
S2,CFG12,307,60
S2,CFG12,377,61
S2,CFG12,210,64
S2,CFG12,756,66
S2,CFG12,226,70
S2,CFG12,532,71
S2,CFG12,300,73
S2,CFG12,424,76
S2,CFG12,283,77
S2,CFG12,535,80
S2,CFG12,488,83
S2,CFG12,454,85
S2,CFG12,296,88
S2,CFG12,787,89
S2,CFG12,474,91
S2,CFG12,485,93
S2,CFG12,848,98
S2,CFG12,961,100
S2,CFG12,1161,105
S2,CFG12,450,106
S2,CFG12,615,107
S2,CFG12,399,109
S2,CFG12,515,126
S2,CFG12,644,137
S2,CFG12,605,140
S2,CFG12,600,145
S2,CFG12,580,162
S2,CFG12,647,163
S2,CFG12,771,167
S2,CFG12,840,184
S2,CFG12,850,186
S2,CFG12,816,187
S2,CFG12,1068,209
S2,CFG12,1105,215
S2,CFG12,794,218
S2,CFG12,1125,221
S2,CFG12,2076,233
S2,CFG12,1259,242
S2,CFG12,1319,247
S2,CFG12,1214,248
S2,CFG12,1234,253
S2,CFG12,1450,254
S2,CFG12,1416,264
S2,CFG12,1518,314
S2,CFG12,1508,320
S2,CFG12,1646,328
S2,CFG12,1419,342
S2,CFG12,2052,382
S2,CFG12,2169,391
S2,CFG12,1828,428
S2,CFG12,2016,442
S2,CFG12,2373,455
S2,CFG12,2379,479
S2,CFG12,2448,488
S2,CFG12,2893,500
S2,CFG12,2959,578
S2,CFG12,3930,680
S2,CFG12,5144,1084
S2,CFG12,6167,1386
S2,CFG12,6852,1436
S2,CFG12,9077,1654
S2,CFG12,8799,1670
S2,CFG12,8109,1694
S2,CFG12,8722,1778
S2,CFG12,9468,2007
S2,CFG13,240,5
S2,CFG13,180,6
S2,CFG13,330,7
S2,CFG13,210,8
S2,CFG13,420,9
S2,CFG13,150,10
S2,CFG13,630,11
S2,CFG13,90,12
S2,CFG13,180,13
S2,CFG13,270,14
S2,CFG13,90,15
S2,CFG13,180,16
S2,CFG13,390,17
S2,CFG13,300,18
S2,CFG13,360,19
S2,CFG13,120,20
S2,CFG13,90,21
S2,CFG13,540,22
S2,CFG13,120,24
S2,CFG13,300,25
S2,CFG13,630,26
S2,CFG13,630,28
S2,CFG13,420,29
S2,CFG13,180,30
S2,CFG13,180,31
S2,CFG13,270,32
S2,CFG13,600,38
S2,CFG13,180,40
S2,CFG13,570,41
S2,CFG13,390,42
S2,CFG13,120,43
S2,CFG13,240,44
S2,CFG13,270,46
S2,CFG13,300,49
S2,CFG13,210,54
S2,CFG13,180,55
S2,CFG13,330,56
S2,CFG13,300,57
S2,CFG13,360,62
S2,CFG13,420,69
S2,CFG13,360,70
S2,CFG13,540,72
S2,CFG13,390,74
S2,CFG13,1140,78
S2,CFG13,450,89
S2,CFG13,840,92
S2,CFG13,510,96
S2,CFG13,540,101
S2,CFG13,540,102
S2,CFG13,510,105
S2,CFG13,480,107
S2,CFG13,480,110
S2,CFG13,630,117
S2,CFG13,1170,118
S2,CFG13,660,128
S2,CFG13,690,130
S2,CFG13,750,140
S2,CFG13,810,174
S2,CFG13,960,180
S2,CFG13,930,190
S2,CFG13,1140,191
S2,CFG13,1020,193
S2,CFG13,1530,199
S2,CFG13,1170,216
S2,CFG13,960,228
S2,CFG13,1230,240
S2,CFG13,1410,249
S2,CFG13,1230,263
S2,CFG13,1290,292
S2,CFG13,1620,320
S2,CFG13,2040,384
S2,CFG13,1950,386
S2,CFG13,2520,487
S2,CFG13,3240,669
S2,CFG13,3120,719
S2,CFG13,3630,724
S2,CFG13,3360,767
S2,CFG13,3750,842
S2,CFG13,4560,940
S2,CFG13,5730,1024
S2,CFG13,4980,1032
S2,CFG13,4620,1043
S2,CFG13,5250,1061
S2,CFG13,5280,1073
S2,CFG13,5400,1181
S2,CFG13,5730,1248
S2,CFG13,6690,1348
S2,CFG13,9750,1959
S2,CFG13,11880,2214
S2,CFG13,12360,2307
S2,CFG14,150,10
S2,CFG14,300,11
S2,CFG14,480,12
S2,CFG14,270,13
S2,CFG14,180,14
S2,CFG14,540,16
S2,CFG14,240,17
S2,CFG14,240,18
S2,CFG14,150,19
S2,CFG14,30,20
S2,CFG14,420,21
S2,CFG14,330,22
S2,CFG14,300,23
S2,CFG14,270,24
S2,CFG14,210,25
S2,CFG14,270,27
S2,CFG14,420,28
S2,CFG14,150,29
S2,CFG14,600,30
S2,CFG14,180,31
S2,CFG14,630,33
S2,CFG14,390,34
S2,CFG14,420,35
S2,CFG14,210,37
S2,CFG14,570,40
S2,CFG14,210,45
S2,CFG14,210,46
S2,CFG14,300,48
S2,CFG14,150,50
S2,CFG14,210,51
S2,CFG14,210,52
S2,CFG14,660,53
S2,CFG14,630,54
S2,CFG14,180,56
S2,CFG14,330,59
S2,CFG14,300,60
S2,CFG14,330,62
S2,CFG14,300,63
S2,CFG14,360,64
S2,CFG14,480,68
S2,CFG14,210,70
S2,CFG14,1050,76
S2,CFG14,540,80
S2,CFG14,300,83
S2,CFG14,540,86
S2,CFG14,480,88
S2,CFG14,540,95
S2,CFG14,420,99
S2,CFG14,690,103
S2,CFG14,720,104
S2,CFG14,270,108
S2,CFG14,540,113
S2,CFG14,540,120
S2,CFG14,540,126
S2,CFG14,420,128
S2,CFG14,750,130
S2,CFG14,810,142
S2,CFG14,630,144
S2,CFG14,810,150
S2,CFG14,1380,157
S2,CFG14,1050,168
S2,CFG14,900,182
S2,CFG14,930,186
S2,CFG14,990,193
S2,CFG14,1170,196
S2,CFG14,1110,203
S2,CFG14,1140,213
S2,CFG14,1080,229
S2,CFG14,810,249
S2,CFG14,1290,271
S2,CFG14,1560,298
S2,CFG14,1620,311
S2,CFG14,1740,322
S2,CFG14,1920,389
S2,CFG14,1620,406
S2,CFG14,2130,413
S2,CFG14,2790,514
S2,CFG14,2670,564
S2,CFG14,2880,591
S2,CFG14,3240,627
S2,CFG14,2790,655
S2,CFG14,3780,746
S2,CFG14,3750,856
S2,CFG14,5730,1308
S2,CFG14,6660,1350
S2,CFG14,6990,1372
S2,CFG14,6630,1445
S2,CFG14,9450,1970
S2,CFG14,17730,3408
S2,CFG14,21810,4224
S2,CFG15,270,70
S2,CFG15,2430,442
S2,CFG15,2730,547
S2,CFG15,21150,4140
S2,CFG15,121920,24647
S2,CFG16,270,70
S2,CFG16,2430,442
S2,CFG16,2730,547
S2,CFG16,21150,4140
S2,CFG16,121920,24647
S3,CFG00,8190,1
S3,CFG00,6330,2
S3,CFG00,5280,3
S3,CFG00,4890,4
S3,CFG00,3720,5
S3,CFG00,4020,6
S3,CFG00,3930,7
S3,CFG00,3630,8
S3,CFG00,3750,9
S3,CFG00,3450,10
S3,CFG00,2880,11
S3,CFG00,2490,12
S3,CFG00,2100,13
S3,CFG00,2220,14
S3,CFG00,1740,15
S3,CFG00,2070,16
S3,CFG00,1200,17
S3,CFG00,1050,18
S3,CFG00,1890,19
S3,CFG00,2520,20
S3,CFG00,1410,21
S3,CFG00,540,22
S3,CFG00,1080,23
S3,CFG00,1020,24
S3,CFG00,1920,25
S3,CFG00,1260,26
S3,CFG00,1410,27
S3,CFG00,1110,28
S3,CFG00,1560,29
S3,CFG00,810,30
S3,CFG00,270,31
S3,CFG00,1080,32
S3,CFG00,960,33
S3,CFG00,390,34
S3,CFG00,2190,35
S3,CFG00,360,36
S3,CFG00,1470,37
S3,CFG00,870,38
S3,CFG00,750,39
S3,CFG00,450,40
S3,CFG00,660,41
S3,CFG00,1020,42
S3,CFG00,480,43
S3,CFG00,360,44
S3,CFG00,1680,45
S3,CFG00,330,46
S3,CFG00,840,48
S3,CFG00,840,49
S3,CFG00,210,50
S3,CFG00,810,51
S3,CFG00,210,52
S3,CFG00,1170,53
S3,CFG00,660,54
S3,CFG00,720,55
S3,CFG00,630,56
S3,CFG00,510,57
S3,CFG00,600,58
S3,CFG00,270,59
S3,CFG00,900,60
S3,CFG00,660,61
S3,CFG00,690,62
S3,CFG00,1110,63
S3,CFG00,240,64
S3,CFG00,780,65
S3,CFG00,330,66
S3,CFG00,900,67
S3,CFG00,540,68
S3,CFG00,540,69
S3,CFG00,990,71
S3,CFG00,870,72
S3,CFG00,1410,73
S3,CFG00,1800,75
S3,CFG00,1050,76
S3,CFG00,390,77
S3,CFG00,1320,78
S3,CFG00,1260,79
S3,CFG00,1590,80
S3,CFG00,870,81
S3,CFG00,390,82
S3,CFG00,2040,83
S3,CFG00,1500,84
S3,CFG00,450,85
S3,CFG00,870,86
S3,CFG00,510,87
S3,CFG00,540,88
S3,CFG00,480,90
S3,CFG00,450,91
S3,CFG00,570,93
S3,CFG00,870,94
S3,CFG00,1470,96
S3,CFG00,300,100
S3,CFG00,480,101
S3,CFG00,1020,103
S3,CFG00,1080,104
S3,CFG00,540,105
S3,CFG00,1080,106
S3,CFG00,570,107
S3,CFG00,360,108
S3,CFG00,1020,113
S3,CFG00,1080,115
S3,CFG00,1680,116
S3,CFG00,450,117
S3,CFG00,810,118
S3,CFG00,570,122
S3,CFG00,1470,123
S3,CFG00,780,125
S3,CFG00,540,128
S3,CFG00,1140,129
S3,CFG00,780,132
S3,CFG00,540,133
S3,CFG00,540,134
S3,CFG00,600,138
S3,CFG00,660,140
S3,CFG00,600,142
S3,CFG00,630,144
S3,CFG00,630,145
S3,CFG00,630,158
S3,CFG00,780,177
S3,CFG01,7650,1492
S3,CFG01,37980,7786
S3,CFG01,39960,8290
S3,CFG01,64410,12594
S3,CFG02,47610,9782
S3,CFG02,102390,20380
S3,CFG03,47610,9782
S3,CFG03,102390,20380
S3,CFG04,90,21
S3,CFG04,600,105
S3,CFG04,810,125
S3,CFG04,660,148
S3,CFG04,930,178
S3,CFG04,990,210
S3,CFG04,1620,337
S3,CFG04,2070,465
S3,CFG04,2670,570
S3,CFG04,3150,598
S3,CFG04,2970,609
S3,CFG04,3780,759
S3,CFG04,5670,1075
S3,CFG04,6870,1311
S3,CFG04,13800,2978
S3,CFG04,16020,3459
S3,CFG04,17490,3502
S3,CFG04,18930,3714
S3,CFG04,25110,4715
S3,CFG04,25770,5283
S3,CFG05,47610,9782
S3,CFG05,102390,20380
S3,CFG06,47610,9782
S3,CFG06,102390,20380
S3,CFG07,47610,9782
S3,CFG07,102390,20380
S3,CFG08,150000,30162
S3,CFG09,47610,9782
S3,CFG09,102390,20380
S3,CFG10,150000,30162
S3,CFG11,270,5
S3,CFG11,150,6
S3,CFG11,180,7
S3,CFG11,210,12
S3,CFG11,300,16
S3,CFG11,90,24
S3,CFG11,150,28
S3,CFG11,510,33
S3,CFG11,300,64
S3,CFG11,390,71
S3,CFG11,360,78
S3,CFG11,360,79
S3,CFG11,480,82
S3,CFG11,1290,187
S3,CFG11,1290,216
S3,CFG11,1350,261
S3,CFG11,1590,262
S3,CFG11,1260,275
S3,CFG11,1500,284
S3,CFG11,1950,368
S3,CFG11,2250,430
S3,CFG11,2910,457
S3,CFG11,2700,480
S3,CFG11,2400,503
S3,CFG11,3750,653
S3,CFG11,3930,666
S3,CFG11,4470,861
S3,CFG11,5970,1040
S3,CFG11,6270,1273
S3,CFG11,7740,1512
S3,CFG11,10800,2172
S3,CFG11,11370,2283
S3,CFG11,11310,2381
S3,CFG11,12270,2551
S3,CFG11,12300,2716
S3,CFG11,15930,3084
S3,CFG11,19320,3422
S3,CFG12,180,12
S3,CFG12,360,13
S3,CFG12,90,16
S3,CFG12,300,17
S3,CFG12,150,21
S3,CFG12,90,26
S3,CFG12,150,28
S3,CFG12,210,30
S3,CFG12,150,33
S3,CFG12,690,34
S3,CFG12,330,47
S3,CFG12,240,50
S3,CFG12,420,59
S3,CFG12,300,64
S3,CFG12,840,66
S3,CFG12,420,68
S3,CFG12,360,85
S3,CFG12,480,89
S3,CFG12,720,108
S3,CFG12,810,118
S3,CFG12,870,127
S3,CFG12,750,131
S3,CFG12,750,133
S3,CFG12,570,156
S3,CFG12,870,182
S3,CFG12,1290,209
S3,CFG12,1290,223
S3,CFG12,1170,226
S3,CFG12,1350,266
S3,CFG12,1590,267
S3,CFG12,1170,269
S3,CFG12,1380,284
S3,CFG12,3270,310
S3,CFG12,1770,355
S3,CFG12,1980,400
S3,CFG12,2130,449
S3,CFG12,2910,453
S3,CFG12,2400,504
S3,CFG12,3180,575
S3,CFG12,2850,576
S3,CFG12,3180,594
S3,CFG12,3600,611
S3,CFG12,7680,661
S3,CFG12,3810,817
S3,CFG12,5970,1064
S3,CFG12,7740,1543
S3,CFG12,9540,1947
S3,CFG12,9600,2053
S3,CFG12,11130,2137
S3,CFG12,10800,2175
S3,CFG12,12540,2178
S3,CFG12,11370,2294
S3,CFG12,11310,2399
S3,CFG13,990,162
S3,CFG13,3150,548
S3,CFG13,4410,816
S3,CFG13,17490,3215
S3,CFG13,18930,3544
S3,CFG13,18390,3786
S3,CFG13,21870,4564
S3,CFG13,25770,5202
S3,CFG13,37650,7043
S3,CFG14,840,83
S3,CFG14,810,99
S3,CFG14,780,118
S3,CFG14,1560,267
S3,CFG14,2940,374
S3,CFG14,3390,539
S3,CFG14,7590,1382
S3,CFG14,8430,1623
S3,CFG14,13170,2409
S3,CFG14,19680,4137
S3,CFG14,26340,5169
S3,CFG14,64350,12460
S3,CFG15,150000,29846
S3,CFG16,150000,29846
S4,CFG00,936,1
S4,CFG00,1126,2
S4,CFG00,1077,3
S4,CFG00,972,4
S4,CFG00,1083,5
S4,CFG00,910,6
S4,CFG00,760,7
S4,CFG00,799,8
S4,CFG00,689,9
S4,CFG00,761,10
S4,CFG00,628,11
S4,CFG00,704,12
S4,CFG00,574,13
S4,CFG00,508,14
S4,CFG00,642,15
S4,CFG00,467,16
S4,CFG00,658,17
S4,CFG00,556,18
S4,CFG00,672,19
S4,CFG00,445,20
S4,CFG00,502,21
S4,CFG00,446,22
S4,CFG00,544,23
S4,CFG00,550,24
S4,CFG00,418,25
S4,CFG00,421,26
S4,CFG00,507,27
S4,CFG00,435,28
S4,CFG00,404,29
S4,CFG00,473,30
S4,CFG00,549,31
S4,CFG00,634,32
S4,CFG00,372,33
S4,CFG00,631,34
S4,CFG00,388,35
S4,CFG00,394,36
S4,CFG00,442,37
S4,CFG00,445,38
S4,CFG00,492,39
S4,CFG00,283,40
S4,CFG00,170,41
S4,CFG00,354,42
S4,CFG00,402,43
S4,CFG00,474,44
S4,CFG00,557,45
S4,CFG00,415,46
S4,CFG00,374,47
S4,CFG00,366,48
S4,CFG00,474,49
S4,CFG00,465,50
S4,CFG00,546,51
S4,CFG00,490,52
S4,CFG00,538,53
S4,CFG00,391,54
S4,CFG00,259,55
S4,CFG00,372,56
S4,CFG00,290,57
S4,CFG00,479,58
S4,CFG00,472,59
S4,CFG00,371,60
S4,CFG00,471,61
S4,CFG00,504,62
S4,CFG00,520,63
S4,CFG00,707,64
S4,CFG00,606,65
S4,CFG00,301,66
S4,CFG00,477,67
S4,CFG00,367,68
S4,CFG00,372,69
S4,CFG00,577,70
S4,CFG00,389,71
S4,CFG00,379,72
S4,CFG00,365,73
S4,CFG00,475,74
S4,CFG00,368,75
S4,CFG00,281,76
S4,CFG00,312,77
S4,CFG00,538,78
S4,CFG00,299,79
S4,CFG00,317,80
S4,CFG00,415,81
S4,CFG00,253,82
S4,CFG00,589,83
S4,CFG00,647,84
S4,CFG00,686,85
S4,CFG00,493,86
S4,CFG00,233,87
S4,CFG00,581,88
S4,CFG00,532,89
S4,CFG00,561,90
S4,CFG00,347,91
S4,CFG00,143,92
S4,CFG00,762,93
S4,CFG00,462,94
S4,CFG00,279,95
S4,CFG00,173,96
S4,CFG00,237,97
S4,CFG00,84,98
S4,CFG00,284,99
S4,CFG00,194,100
S4,CFG00,411,101
S4,CFG00,345,102
S4,CFG00,127,103
S4,CFG00,318,104
S4,CFG00,363,105
S4,CFG00,326,106
S4,CFG00,240,107
S4,CFG00,71,108
S4,CFG00,260,109
S4,CFG00,386,110
S4,CFG00,159,111
S4,CFG00,285,112
S4,CFG00,400,113
S4,CFG00,138,114
S4,CFG00,112,115
S4,CFG00,251,116
S4,CFG00,50,117
S4,CFG00,347,118
S4,CFG00,329,119
S4,CFG00,123,120
S4,CFG00,253,121
S4,CFG00,164,122
S4,CFG00,108,123
S4,CFG00,108,124
S4,CFG00,204,125
S4,CFG00,218,126
S4,CFG00,126,127
S4,CFG00,127,128
S4,CFG00,336,129
S4,CFG00,146,130
S4,CFG00,129,132
S4,CFG00,45,133
S4,CFG00,373,134
S4,CFG00,106,135
S4,CFG00,260,136
S4,CFG00,149,137
S4,CFG00,194,138
S4,CFG00,182,139
S4,CFG00,233,141
S4,CFG00,145,142
S4,CFG00,251,143
S4,CFG00,178,144
S4,CFG00,137,145
S4,CFG00,238,146
S4,CFG00,128,147
S4,CFG00,123,148
S4,CFG00,281,149
S4,CFG00,274,150
S4,CFG00,130,151
S4,CFG00,234,152
S4,CFG00,129,153
S4,CFG00,380,154
S4,CFG00,354,155
S4,CFG00,266,156
S4,CFG00,608,157
S4,CFG00,283,158
S4,CFG00,244,159
S4,CFG00,56,160
S4,CFG00,290,161
S4,CFG00,162,162
S4,CFG00,274,163
S4,CFG00,71,164
S4,CFG00,152,165
S4,CFG00,462,166
S4,CFG00,341,167
S4,CFG00,63,168
S4,CFG00,155,169
S4,CFG00,172,170
S4,CFG00,236,171
S4,CFG00,160,172
S4,CFG00,71,174
S4,CFG00,172,177
S4,CFG00,251,178
S4,CFG00,303,179
S4,CFG00,96,181
S4,CFG00,83,182
S4,CFG00,174,183
S4,CFG00,226,184
S4,CFG00,65,185
S4,CFG00,87,186
S4,CFG00,264,187
S4,CFG00,92,188
S4,CFG00,173,189
S4,CFG00,202,192
S4,CFG00,268,194
S4,CFG00,89,195
S4,CFG00,93,196
S4,CFG00,99,197
S4,CFG00,170,198
S4,CFG00,190,200
S4,CFG00,310,201
S4,CFG00,216,202
S4,CFG00,89,203
S4,CFG00,172,204
S4,CFG00,85,205
S4,CFG00,101,208
S4,CFG00,208,210
S4,CFG00,118,211
S4,CFG00,215,213
S4,CFG00,220,214
S4,CFG00,307,215
S4,CFG00,87,216
S4,CFG00,90,218
S4,CFG00,103,220
S4,CFG00,101,221
S4,CFG00,335,222
S4,CFG00,113,223
S4,CFG00,98,224
S4,CFG00,289,225
S4,CFG00,194,226
S4,CFG00,109,227
S4,CFG00,518,228
S4,CFG00,207,229
S4,CFG00,269,230
S4,CFG00,207,231
S4,CFG00,135,232
S4,CFG00,302,234
S4,CFG00,96,235
S4,CFG00,231,238
S4,CFG00,101,240
S4,CFG00,263,243
S4,CFG00,129,244
S4,CFG00,104,245
S4,CFG00,130,246
S4,CFG00,212,247
S4,CFG00,373,249
S4,CFG00,111,250
S4,CFG00,97,253
S4,CFG00,112,254
S4,CFG00,362,256
S4,CFG00,107,257
S4,CFG00,113,259
S4,CFG00,110,260
S4,CFG00,220,261
S4,CFG00,133,262
S4,CFG00,105,263
S4,CFG00,93,264
S4,CFG00,231,265
S4,CFG00,178,266
S4,CFG00,309,268
S4,CFG00,483,269
S4,CFG00,174,272
S4,CFG00,106,273
S4,CFG00,244,274
S4,CFG00,221,276
S4,CFG00,143,279
S4,CFG00,117,281
S4,CFG00,109,283
S4,CFG00,351,284
S4,CFG00,150,285
S4,CFG00,90,287
S4,CFG00,111,288
S4,CFG00,366,289
S4,CFG00,158,290
S4,CFG00,263,292
S4,CFG00,462,294
S4,CFG00,318,295
S4,CFG00,117,296
S4,CFG00,221,298
S4,CFG00,121,299
S4,CFG00,126,301
S4,CFG00,303,302
S4,CFG00,156,307
S4,CFG00,147,308
S4,CFG00,314,309
S4,CFG00,124,311
S4,CFG00,264,312
S4,CFG00,155,313
S4,CFG00,183,314
S4,CFG00,180,316
S4,CFG00,143,317
S4,CFG00,167,318
S4,CFG00,178,319
S4,CFG00,164,321
S4,CFG00,150,322
S4,CFG00,455,323
S4,CFG00,141,324
S4,CFG00,306,326
S4,CFG00,170,327
S4,CFG00,99,328
S4,CFG00,151,330
S4,CFG00,278,334
S4,CFG00,100,336
S4,CFG00,143,338
S4,CFG00,139,339
S4,CFG00,143,340
S4,CFG00,326,342
S4,CFG00,105,346
S4,CFG00,150,350
S4,CFG00,132,351
S4,CFG00,163,352
S4,CFG00,168,355
S4,CFG00,341,358
S4,CFG00,127,359
S4,CFG00,210,361
S4,CFG00,139,362
S4,CFG00,162,363
S4,CFG00,159,366
S4,CFG00,414,370
S4,CFG00,201,374
S4,CFG00,156,376
S4,CFG00,149,377
S4,CFG00,192,384
S4,CFG00,200,387
S4,CFG00,132,396
S4,CFG00,166,401
S4,CFG00,191,402
S4,CFG00,167,406
S4,CFG00,170,407
S4,CFG00,223,410
S4,CFG00,181,411
S4,CFG00,225,417
S4,CFG00,207,418
S4,CFG00,179,419
S4,CFG00,434,424
S4,CFG00,373,427
S4,CFG00,191,438
S4,CFG00,208,443
S4,CFG00,140,444
S4,CFG00,206,445
S4,CFG00,166,449
S4,CFG00,417,457
S4,CFG00,195,458
S4,CFG00,478,463
S4,CFG00,203,465
S4,CFG00,199,466
S4,CFG00,223,468
S4,CFG00,463,483
S4,CFG00,171,484
S4,CFG00,217,486
S4,CFG00,239,487
S4,CFG00,234,489
S4,CFG00,234,492
S4,CFG00,192,498
S4,CFG00,200,501
S4,CFG00,283,509
S4,CFG00,260,511
S4,CFG00,225,513
S4,CFG00,225,515
S4,CFG00,234,518
S4,CFG00,425,521
S4,CFG00,247,523
S4,CFG00,234,524
S4,CFG00,192,534
S4,CFG00,287,535
S4,CFG00,266,539
S4,CFG00,241,542
S4,CFG00,276,549
S4,CFG00,215,553
S4,CFG00,245,555
S4,CFG00,188,559
S4,CFG00,249,560
S4,CFG00,511,561
S4,CFG00,316,562
S4,CFG00,195,573
S4,CFG00,222,574
S4,CFG00,249,575
S4,CFG00,473,578
S4,CFG00,279,580
S4,CFG00,215,581
S4,CFG00,313,585
S4,CFG00,485,598
S4,CFG00,260,607
S4,CFG00,290,617
S4,CFG00,603,620
S4,CFG00,273,621
S4,CFG00,293,623
S4,CFG00,225,630
S4,CFG00,281,631
S4,CFG00,306,632
S4,CFG00,289,633
S4,CFG00,268,638
S4,CFG00,199,639
S4,CFG00,271,650
S4,CFG00,604,657
S4,CFG00,306,662
S4,CFG00,294,670
S4,CFG00,334,671
S4,CFG00,315,672
S4,CFG00,313,685
S4,CFG00,284,690
S4,CFG00,365,695
S4,CFG00,346,700
S4,CFG00,284,716
S4,CFG00,312,720
S4,CFG00,349,722
S4,CFG00,374,724
S4,CFG00,308,726
S4,CFG00,343,730
S4,CFG00,279,736
S4,CFG00,314,742
S4,CFG00,284,745
S4,CFG00,681,761
S4,CFG00,395,762
S4,CFG00,389,768
S4,CFG00,385,769
S4,CFG00,717,774
S4,CFG00,329,784
S4,CFG00,414,786
S4,CFG00,373,790
S4,CFG00,316,795
S4,CFG00,763,797
S4,CFG00,336,801
S4,CFG00,353,802
S4,CFG00,449,806
S4,CFG00,383,811
S4,CFG00,358,822
S4,CFG00,435,824
S4,CFG00,435,825
S4,CFG00,356,827
S4,CFG00,451,828
S4,CFG00,370,833
S4,CFG00,858,836
S4,CFG00,408,838
S4,CFG00,326,840
S4,CFG00,419,845
S4,CFG00,399,846
S4,CFG00,395,851
S4,CFG00,363,853
S4,CFG00,784,859
S4,CFG00,373,864
S4,CFG00,720,871
S4,CFG00,394,883
S4,CFG00,695,889
S4,CFG00,406,892
S4,CFG00,437,898
S4,CFG00,358,901
S4,CFG00,477,904
S4,CFG00,391,908
S4,CFG00,446,914
S4,CFG00,327,921
S4,CFG00,476,926
S4,CFG00,1147,929
S4,CFG00,449,930
S4,CFG00,467,931
S4,CFG00,367,934
S4,CFG00,381,938
S4,CFG00,399,957
S4,CFG00,412,991
S4,CFG00,425,999
S4,CFG00,474,1017
S4,CFG00,521,1021
S4,CFG00,402,1022
S4,CFG00,418,1062
S4,CFG00,548,1082
S4,CFG00,404,1085
S4,CFG00,538,1094
S4,CFG00,432,1103
S4,CFG00,447,1116
S4,CFG00,481,1137
S4,CFG00,470,1159
S4,CFG00,490,1165
S4,CFG00,489,1180
S4,CFG00,520,1190
S4,CFG00,479,1194
S4,CFG00,505,1252
S4,CFG00,545,1262
S4,CFG00,500,1277
S4,CFG00,623,1306
S4,CFG00,581,1336
S4,CFG00,537,1344
S4,CFG00,569,1382
S4,CFG00,624,1386
S4,CFG00,548,1389
S4,CFG00,545,1390
S4,CFG00,593,1397
S4,CFG00,591,1402
S4,CFG01,7650,1492
S4,CFG01,37980,7786
S4,CFG01,39960,8290
S4,CFG01,64410,12594
S4,CFG02,47610,9782
S4,CFG02,102390,20380
S4,CFG03,47610,9782
S4,CFG03,102390,20380
S4,CFG04,90,21
S4,CFG04,600,105
S4,CFG04,810,125
S4,CFG04,660,148
S4,CFG04,930,178
S4,CFG04,990,210
S4,CFG04,1620,337
S4,CFG04,2070,465
S4,CFG04,2670,570
S4,CFG04,3150,598
S4,CFG04,2970,609
S4,CFG04,3780,759
S4,CFG04,5670,1075
S4,CFG04,6870,1311
S4,CFG04,13800,2978
S4,CFG04,16020,3459
S4,CFG04,17490,3502
S4,CFG04,18930,3714
S4,CFG04,25110,4715
S4,CFG04,25770,5283
S4,CFG05,47610,9782
S4,CFG05,102390,20380
S4,CFG06,47610,9782
S4,CFG06,102390,20380
S4,CFG07,47610,9782
S4,CFG07,102390,20380
S4,CFG08,150000,30162
S4,CFG09,47610,9782
S4,CFG09,102390,20380
S4,CFG10,150000,30162
S4,CFG11,114,5
S4,CFG11,126,6
S4,CFG11,103,7
S4,CFG11,53,12
S4,CFG11,138,16
S4,CFG11,49,24
S4,CFG11,128,28
S4,CFG11,128,29
S4,CFG11,294,33
S4,CFG11,84,57
S4,CFG11,219,64
S4,CFG11,172,71
S4,CFG11,243,78
S4,CFG11,186,79
S4,CFG11,257,82
S4,CFG11,78,84
S4,CFG11,180,87
S4,CFG11,220,89
S4,CFG11,111,99
S4,CFG11,186,146
S4,CFG11,693,187
S4,CFG11,659,216
S4,CFG11,428,232
S4,CFG11,590,261
S4,CFG11,874,262
S4,CFG11,102,267
S4,CFG11,258,269
S4,CFG11,176,275
S4,CFG11,640,284
S4,CFG11,406,296
S4,CFG11,310,368
S4,CFG11,906,430
S4,CFG11,177,436
S4,CFG11,1145,457
S4,CFG11,194,462
S4,CFG11,806,478
S4,CFG11,1820,480
S4,CFG11,621,503
S4,CFG11,816,653
S4,CFG11,1912,666
S4,CFG11,657,745
S4,CFG11,1491,764
S4,CFG11,2000,861
S4,CFG11,631,939
S4,CFG11,3128,1040
S4,CFG11,3191,1273
S4,CFG11,1549,1301
S4,CFG11,1389,1460
S4,CFG11,3671,1512
S4,CFG11,3961,2015
S4,CFG11,5380,2172
S4,CFG11,5734,2283
S4,CFG11,6099,2381
S4,CFG11,1555,2414
S4,CFG11,6140,2551
S4,CFG11,3839,2552
S4,CFG11,5938,2716
S4,CFG11,4064,2740
S4,CFG11,6477,2825
S4,CFG11,5051,2826
S4,CFG11,3374,2838
S4,CFG11,15356,3084
S4,CFG11,4125,3412
S4,CFG11,9370,3422
S4,CFG11,4391,3852
S4,CFG11,5054,3989
S4,CFG11,6960,4664
S4,CFG11,12604,6506
S4,CFG12,103,12
S4,CFG12,64,13
S4,CFG12,68,16
S4,CFG12,138,17
S4,CFG12,115,21
S4,CFG12,177,26
S4,CFG12,128,28
S4,CFG12,141,30
S4,CFG12,14,33
S4,CFG12,430,34
S4,CFG12,181,47
S4,CFG12,170,50
S4,CFG12,303,59
S4,CFG12,84,60
S4,CFG12,219,64
S4,CFG12,449,66
S4,CFG12,198,68
S4,CFG12,180,83
S4,CFG12,264,85
S4,CFG12,257,89
S4,CFG12,111,94
S4,CFG12,220,101
S4,CFG12,312,106
S4,CFG12,435,108
S4,CFG12,428,118
S4,CFG12,465,127
S4,CFG12,574,131
S4,CFG12,401,133
S4,CFG12,354,138
S4,CFG12,161,149
S4,CFG12,186,153
S4,CFG12,331,156
S4,CFG12,351,182
S4,CFG12,251,195
S4,CFG12,602,209
S4,CFG12,659,223
S4,CFG12,509,226
S4,CFG12,201,230
S4,CFG12,428,240
S4,CFG12,328,260
S4,CFG12,392,264
S4,CFG12,692,266
S4,CFG12,874,267
S4,CFG12,162,269
S4,CFG12,258,279
S4,CFG12,608,284
S4,CFG12,2172,310
S4,CFG12,290,355
S4,CFG12,752,382
S4,CFG12,1609,400
S4,CFG12,1123,449
S4,CFG12,1145,453
S4,CFG12,620,462
S4,CFG12,194,466
S4,CFG12,806,490
S4,CFG12,825,492
S4,CFG12,621,504
S4,CFG12,877,527
S4,CFG12,1975,575
S4,CFG12,1230,576
S4,CFG12,1445,594
S4,CFG12,1889,611
S4,CFG12,374,626
S4,CFG12,1087,658
S4,CFG12,673,660
S4,CFG12,2728,661
S4,CFG12,953,679
S4,CFG12,657,746
S4,CFG12,2080,817
S4,CFG12,1634,921
S4,CFG12,860,935
S4,CFG12,3128,1064
S4,CFG12,2456,1169
S4,CFG12,1549,1330
S4,CFG12,3671,1543
S4,CFG12,4672,1947
S4,CFG12,3961,2047
S4,CFG12,4516,2053
S4,CFG12,7158,2137
S4,CFG12,5380,2175
S4,CFG12,6036,2178
S4,CFG12,4336,2216
S4,CFG12,5734,2294
S4,CFG12,6099,2399
S4,CFG12,4603,2408
S4,CFG12,1555,2432
S4,CFG12,2765,2462
S4,CFG12,2856,2523
S4,CFG12,3839,2607
S4,CFG12,4064,2747
S4,CFG12,9851,2836
S4,CFG12,3215,2870
S4,CFG12,8514,4315
S4,CFG12,6960,4693
S4,CFG13,990,162
S4,CFG13,3150,548
S4,CFG13,4410,816
S4,CFG13,17490,3215
S4,CFG13,18930,3544
S4,CFG13,18390,3786
S4,CFG13,21870,4564
S4,CFG13,25770,5202
S4,CFG13,37650,7043
S4,CFG14,840,83
S4,CFG14,810,99
S4,CFG14,780,118
S4,CFG14,1560,267
S4,CFG14,2940,374
S4,CFG14,3390,539
S4,CFG14,7590,1382
S4,CFG14,8430,1623
S4,CFG14,13170,2409
S4,CFG14,19680,4137
S4,CFG14,26340,5169
S4,CFG14,64350,12460
S4,CFG15,150000,29846
S4,CFG16,150000,29846
