scenario,config_id,pair_count,item_count,abstention_count,minimum,median,p95,maximum,size_sum,empty_status
BASE,CFG00,150000,150000,0,1,26,125,177,6366945,NA
BASE,CFG01,150000,150000,0,1492,8290,12594,12594,1449574020,NA
BASE,CFG02,150000,150000,0,9782,20380,20380,20380,2552429220,NA
BASE,CFG03,150000,150000,0,9782,20380,20380,20380,2552429220,NA
BASE,CFG04,150000,150000,0,21,3502,5283,5283,507933060,NA
BASE,CFG05,150000,150000,0,9782,20380,20380,20380,2552429220,NA
BASE,CFG06,150000,150000,0,9782,20380,20380,20380,2552429220,NA
BASE,CFG07,150000,150000,0,9782,20380,20380,20380,2552429220,NA
BASE,CFG08,150000,150000,0,30162,30162,30162,30162,4524300000,NA
BASE,CFG09,150000,150000,0,9782,20380,20380,20380,2552429220,NA
BASE,CFG10,150000,150000,0,30162,30162,30162,30162,4524300000,NA
BASE,CFG11,150000,149752,248,5,2283,3422,3422,298683912,NA
BASE,CFG12,150000,149334,666,12,1947,2399,2399,209524809,NA
BASE,CFG13,150000,148650,1350,162,4564,7043,7043,697467120,NA
BASE,CFG14,150000,149880,120,83,5169,12460,12460,1078851660,NA
BASE,CFG15,150000,150000,0,29846,29846,29846,29846,4476900000,NA
BASE,CFG16,150000,150000,0,29846,29846,29846,29846,4476900000,NA
S1,CFG00,150000,150000,0,1,363,602,609,56000143,NA
S1,CFG01,150000,150000,0,9782,20380,20380,20380,2552429220,NA
S1,CFG02,150000,150000,0,9782,20380,20380,20380,2552429220,NA
S1,CFG03,150000,150000,0,9782,20380,20380,20380,2552429220,NA
S1,CFG04,150000,150000,0,9782,20380,20380,20380,2552429220,NA
S1,CFG05,150000,150000,0,9782,20380,20380,20380,2552429220,NA
S1,CFG06,150000,150000,0,9782,20380,20380,20380,2552429220,NA
S1,CFG07,150000,150000,0,9782,20380,20380,20380,2552429220,NA
S1,CFG08,150000,150000,0,30162,30162,30162,30162,4524300000,NA
S1,CFG09,150000,150000,0,9782,20380,20380,20380,2552429220,NA
S1,CFG10,150000,150000,0,30162,30162,30162,30162,4524300000,NA
S1,CFG11,150000,150000,0,6,7342,10323,10323,1001376206,NA
S1,CFG12,150000,149912,88,13,7291,10204,10204,992276592,NA
S1,CFG13,150000,150000,0,9143,19737,19737,19737,2456169660,NA
S1,CFG14,150000,150000,0,8959,19701,19701,19701,2443723380,NA
S1,CFG15,150000,150000,0,29846,29846,29846,29846,4476900000,NA
S1,CFG16,150000,150000,0,29846,29846,29846,29846,4476900000,NA
S2,CFG00,150000,150000,0,1,2,17,45,621193,NA
S2,CFG01,150000,150000,0,3,2482,5007,5007,395331390,NA
S2,CFG02,150000,150000,0,16,4777,7489,7489,682155960,NA
S2,CFG03,150000,150000,0,16,4777,7489,7489,682155960,NA
S2,CFG04,150000,150000,0,21,3502,5283,5283,507933060,NA
S2,CFG05,150000,150000,0,16,4777,7489,7489,682155960,NA
S2,CFG06,150000,150000,0,16,4777,7489,7489,682155960,NA
S2,CFG07,150000,150000,0,2555,5654,8355,8355,886515300,NA
S2,CFG08,150000,150000,0,30162,30162,30162,30162,4524300000,NA
S2,CFG09,150000,150000,0,2555,5654,8355,8355,886515300,NA
S2,CFG10,150000,150000,0,30162,30162,30162,30162,4524300000,NA
S2,CFG11,150000,144575,5425,5,325,1050,1141,63622451,NA
S2,CFG12,150000,143412,6588,10,500,2007,2007,122438991,NA
S2,CFG13,150000,143790,6210,5,1032,2307,2307,148362420,NA
S2,CFG14,150000,142950,7050,10,1308,4224,4224,229247280,NA
S2,CFG15,150000,148500,1500,70,24647,24647,24647,3095109510,NA
S2,CFG16,150000,148500,1500,70,24647,24647,24647,3095109510,NA
S3,CFG00,150000,150000,0,1,27,129,177,6587670,NA
S3,CFG01,150000,150000,0,1492,8290,12594,12594,1449574020,NA
S3,CFG02,150000,150000,0,9782,20380,20380,20380,2552429220,NA
S3,CFG03,150000,150000,0,9782,20380,20380,20380,2552429220,NA
S3,CFG04,150000,150000,0,21,3502,5283,5283,507933060,NA
S3,CFG05,150000,150000,0,9782,20380,20380,20380,2552429220,NA
S3,CFG06,150000,150000,0,9782,20380,20380,20380,2552429220,NA
S3,CFG07,150000,150000,0,9782,20380,20380,20380,2552429220,NA
S3,CFG08,150000,150000,0,30162,30162,30162,30162,4524300000,NA
S3,CFG09,150000,150000,0,9782,20380,20380,20380,2552429220,NA
S3,CFG10,150000,150000,0,30162,30162,30162,30162,4524300000,NA
S3,CFG11,150000,149670,330,5,2283,3422,3422,298857600,NA
S3,CFG12,150000,149100,900,12,1947,2399,2399,209374260,NA
S3,CFG13,150000,148650,1350,162,4564,7043,7043,697467120,NA
S3,CFG14,150000,149880,120,83,5169,12460,12460,1078851660,NA
S3,CFG15,150000,150000,0,29846,29846,29846,29846,4476900000,NA
S3,CFG16,150000,150000,0,29846,29846,29846,29846,4476900000,NA
S4,CFG00,150000,150000,0,1,256,1190,1402,60908785,NA
S4,CFG01,150000,150000,0,1492,8290,12594,12594,1449574020,NA
S4,CFG02,150000,150000,0,9782,20380,20380,20380,2552429220,NA
S4,CFG03,150000,150000,0,9782,20380,20380,20380,2552429220,NA
S4,CFG04,150000,150000,0,21,3502,5283,5283,507933060,NA
S4,CFG05,150000,150000,0,9782,20380,20380,20380,2552429220,NA
S4,CFG06,150000,150000,0,9782,20380,20380,20380,2552429220,NA
S4,CFG07,150000,150000,0,9782,20380,20380,20380,2552429220,NA
S4,CFG08,150000,150000,0,30162,30162,30162,30162,4524300000,NA
S4,CFG09,150000,150000,0,9782,20380,20380,20380,2552429220,NA
S4,CFG10,150000,150000,0,30162,30162,30162,30162,4524300000,NA
S4,CFG11,150000,149781,219,5,2740,6506,6506,417750650,NA
S4,CFG12,150000,149513,487,12,2175,4315,4693,293677061,NA
S4,CFG13,150000,148650,1350,162,4564,7043,7043,697467120,NA
S4,CFG14,150000,149880,120,83,5169,12460,12460,1078851660,NA
S4,CFG15,150000,150000,0,29846,29846,29846,29846,4476900000,NA
S4,CFG16,150000,150000,0,29846,29846,29846,29846,4476900000,NA
