config_id,TVD_marginal__age,TVD_marginal__education,TVD_marginal__marital-status,TVD_marginal__native-country,TVD_marginal__occupation,TVD_marginal__race,TVD_marginal__sex,TVD_marginal__workclass,TVD_marginal__unweighted_mean,TVD_marginal__maximum,TVD_QI_salary__age,TVD_QI_salary__education,TVD_QI_salary__marital-status,TVD_QI_salary__native-country,TVD_QI_salary__occupation,TVD_QI_salary__race,TVD_QI_salary__sex,TVD_QI_salary__workclass,TVD_QI_salary__unweighted_mean,TVD_QI_salary__maximum
CFG00,0,0,0,0,0,0,0,0,0,0,0,0,0,0,0,0,0,0,0,0
CFG01,0,0,0,0,0,0,0,0,0,0,0,0,0,0,0,0,0,0,0,0
CFG02,0,0,0,0,0,0,0,0,0,0,0,0,0,0,0,0,0,0,0,0
CFG03,0,0,0,0,0,0,0,0,0,0,0,0,0,0,0,0,0,0,0,0
CFG04,0,0,0,0,0,0,0,0,0,0,0,0,0,0,0,0,0,0,0,0
CFG05,0,0,0,0,0,0,0,0,0,0,0,0,0,0,0,0,0,0,0,0
CFG06,0,0,0,0,0,0,0,0,0,0,0,0,0,0,0,0,0,0,0,0
CFG07,0,0,0,0,0,0,0,0,0,0,0,0,0,0,0,0,0,0,0,0
CFG08,0,0,0,0,0,0,0,0,0,0,0,0,0,0,0,0,0,0,0,0
CFG09,0,0,0,0,0,0,0,0,0,0,0,0,0,0,0,0,0,0,0,0
CFG10,0,0,0,0,0,0,0,0,0,0,0,0,0,0,0,0,0,0,0,0
CFG11,0.0082175949671180748,0.0046335249980739681,0.00096252045002500784,0.017799167059956884,0.0015531540898625874,0.020993930279430827,0.005957474790726466,0.0063967847470240216,0.0083142689227772293,0.020993930279430827,0.0096536254203093575,0.00499881397182062,0.0025819762602001762,0.017799167059956884,0.0029542896249854437,0.020993930279430827,0.005957474790726466,0.0063967847470240216,0.0089170077693067253,0.020993930279430827
CFG12,0.0082585768491127056,0.012592201567564165,0.0019194164007097106,0.022316349235572918,0,0.02667302635461883,0.0050462375432468931,0.0086229226995111173,0.010678591331292042,0.02667302635461883,0.0084808093898083199,0.012592201567564165,0.0019641917003598197,0.022316349235572918,0.0012692993969441136,0.02667302635461883,0.0050462375432468931,0.0086229226995111173,0.010870629735953272,0.02667302635461883
CFG13,0,0.011522012434791186,0.0098237086675626601,0.013404079191204062,0.0062547010685236014,0.021684604428789982,0.0077294911264949515,0.0073097677894861744,0.0097160455883565765,0.021684604428789982,0.0073448277730541319,0.0129599263699017,0.011060263037584119,0.013404079191204062,0.0074938108911784028,0.021773122277283462,0.0077294911264949515,0.0073787604185780904,0.011143035135659864,0.021773122277283462
CFG14,0,0,0.019873909083551751,0.016684419140132467,0.0067892903790570695,0.030474713125072505,0.011719411155568259,0.0080502527570010061,0.011698999455047883,0.030474713125072505,0.0069742349211443597,0.0069742349211443597,0.019873909083551751,0.016684419140132467,0.0089505759385477991,0.030517489807192821,0.011719411155568259,0.0080502527570010061,0.013718065965535353,0.030517489807192821
CFG15,0,0,0,0.0096740150930069088,0,0,0,0.0039508981682745735,0.0017031141576601854,0.0096740150930069088,0.00032364488835496608,0.00032364488835496608,0.00032364488835496608,0.0096940236453633526,0.00032364488835496608,0.00032364488835496608,0.00032364488835496608,0.0039508981682745735,0.0019483488929709653,0.0096940236453633526
CFG16,0,0,0,0.0096740150930069088,0,0,0,0.0039508981682745735,0.0017031141576601854,0.0096740150930069088,0.00032364488835496608,0.00032364488835496608,0.00032364488835496608,0.0096940236453633526,0.00032364488835496608,0.00032364488835496608,0.00032364488835496608,0.0039508981682745735,0.0019483488929709653,0.0096940236453633526
