config_id,group,holdout_rows,auroc,balanced_accuracy,average_precision,accuracy,auroc_ci95_low,auroc_ci95_high
CFG00,counterfactual,15060,0.8840949514655501,0.7400259326227636,0.7013805749314006,0.8320053120849934,0.8786727558764751,0.8897089877950134
CFG01,counterfactual,15060,0.8060537209744956,0.6259395222687476,0.5000231081169083,0.7734395750332005,0.7990663417158356,0.8142076093809478
CFG02,counterfactual,15060,0.6831565473924629,0.5,0.36350991413892497,0.7543160690571049,0.6745183975899315,0.6926877358322231
CFG03,counterfactual,15060,0.6831565473924629,0.5,0.36350991413892497,0.7543160690571049,0.6745183975899315,0.6926877358322231
CFG04,counterfactual,15060,0.8378493885610963,0.7326822421012562,0.5684994933317673,0.8049800796812749,0.8310027621811953,0.8445435352826418
CFG05,counterfactual,15060,0.6831565473924629,0.5,0.36350991413892497,0.7543160690571049,0.6745183975899315,0.6926877358322231
CFG06,counterfactual,15060,0.6831565473924629,0.5,0.36350991413892497,0.7543160690571049,0.6745183975899315,0.6926877358322231
CFG07,counterfactual,15060,0.6747476803387895,0.5,0.35356727043062514,0.7543160690571049,0.666008164612676,0.6842072025480587
CFG08,counterfactual,15060,0.5,0.5,0.2456839309428951,0.7543160690571049,0.5,0.5
CFG09,counterfactual,15060,0.6747476803387895,0.5,0.35356727043062514,0.7543160690571049,0.666008164612676,0.6842072025480587
CFG10,counterfactual,15060,0.5,0.5,0.2456839309428951,0.7543160690571049,0.5,0.5
CFG11,counterfactual,15060,0.85390200323563,0.7314819661210505,0.6158246107561473,0.8134794156706507,0.8474987289446136,0.8602483322230682
CFG12,counterfactual,15060,0.8513509112105063,0.6860220784164446,0.6150977475000179,0.8052456839309429,0.845030513061477,0.8577478513394556
CFG13,counterfactual,15060,0.8426098567757899,0.730976161020175,0.5868216873287985,0.8136786188579017,0.8356724349900075,0.8494281559288162
CFG14,counterfactual,15060,0.8158080629044537,0.6526996098210887,0.5189018262347436,0.7786188579017265,0.8088227743148078,0.8232867285639512
CFG15,counterfactual,15060,0.52990777264941,0.5,0.2605180769129639,0.7543160690571049,0.522682199574134,0.5373647390678531
CFG16,counterfactual,15060,0.52990777264941,0.5,0.2605180769129639,0.7543160690571049,0.522682199574134,0.5373647390678531
