config_id,family,k,l,t,t_distance,suppression_limit,arx_salary_attribute_type
CFG00,raw_control,null,null,null,null,null,NOT_APPLICABLE
CFG01,k_only,2,null,null,null,0,INSENSITIVE_ATTRIBUTE
CFG02,k_only,5,null,null,null,0,INSENSITIVE_ATTRIBUTE
CFG03,k_only,10,null,null,null,0,INSENSITIVE_ATTRIBUTE
CFG04,k_only,20,null,null,null,0,INSENSITIVE_ATTRIBUTE
CFG05,k_distinct_l,5,2,null,null,0,SENSITIVE_ATTRIBUTE
CFG06,k_distinct_l,10,2,null,null,0,SENSITIVE_ATTRIBUTE
CFG07,k_equal_distance_t,5,null,0.20,equal_distance,0,SENSITIVE_ATTRIBUTE
CFG08,k_equal_distance_t,5,null,0.10,equal_distance,0,SENSITIVE_ATTRIBUTE
CFG09,k_equal_distance_t,10,null,0.20,equal_distance,0,SENSITIVE_ATTRIBUTE
CFG10,k_equal_distance_t,10,null,0.10,equal_distance,0,SENSITIVE_ATTRIBUTE
CFG11,k_only,5,null,null,null,0.05,INSENSITIVE_ATTRIBUTE
CFG12,k_only,10,null,null,null,0.05,INSENSITIVE_ATTRIBUTE
CFG13,k_distinct_l,5,2,null,null,0.05,SENSITIVE_ATTRIBUTE
CFG14,k_distinct_l,10,2,null,null,0.05,SENSITIVE_ATTRIBUTE
CFG15,k_equal_distance_t,5,null,0.10,equal_distance,0.05,SENSITIVE_ATTRIBUTE
CFG16,k_equal_distance_t,10,null,0.10,equal_distance,0.05,SENSITIVE_ATTRIBUTE
